log_id,tiltmeter_id,depth_m,x_axis_tilt_deg,y_axis_tilt_deg,temperature_c,battery_v
1,TLM-DEEP-11,90.0,1.388,0.466,28.6,3.63
2,TLM-DEEP-12,130.0,1.122,2.191,32.4,3.83
3,TLM-DEEP-13,170.0,1.392,2.406,36.2,3.64
4,TLM-DEEP-14,210.0,2.345,0.990,33.4,3.89
5,TLM-DEEP-15,50.0,3.395,1.279,34.5,3.71
6,TLM-DEEP-16,90.0,1.778,2.158,36.3,3.72
7,TLM-DEEP-17,130.0,1.014,0.849,32.7,3.84
8,TLM-DEEP-10,170.0,0.321,2.689,31.6,3.77
9,TLM-DEEP-11,210.0,1.450,2.258,35.0,3.51
10,TLM-DEEP-12,50.0,2.043,1.758,36.3,3.96
11,TLM-DEEP-13,90.0,1.795,2.292,32.4,3.79
12,TLM-DEEP-14,130.0,0.633,2.328,33.7,3.80
13,TLM-DEEP-15,170.0,2.544,2.296,36.5,3.84
14,TLM-DEEP-16,210.0,0.578,1.397,29.2,3.94
15,TLM-DEEP-17,50.0,1.588,1.692,34.2,3.69
16,TLM-DEEP-10,90.0,2.575,1.562,28.5,3.72
17,TLM-DEEP-11,130.0,0.689,1.347,29.7,3.52
18,TLM-DEEP-12,170.0,0.527,0.795,35.8,3.48
19,TLM-DEEP-13,210.0,0.898,2.623,36.0,3.60
20,TLM-DEEP-14,50.0,1.856,0.689,32.7,3.75
21,TLM-DEEP-15,90.0,1.722,1.207,35.5,4.01
22,TLM-DEEP-16,130.0,2.427,2.671,32.0,3.66
23,TLM-DEEP-17,170.0,0.128,1.784,30.8,3.67
24,TLM-DEEP-10,210.0,1.954,1.960,29.7,3.86
25,TLM-DEEP-11,50.0,1.067,0.790,34.5,3.74
26,TLM-DEEP-12,90.0,0.866,2.092,34.8,3.40
27,TLM-DEEP-13,130.0,0.679,0.977,31.6,3.49
28,TLM-DEEP-14,170.0,2.045,0.252,30.7,4.04
29,TLM-DEEP-15,210.0,0.068,1.763,35.3,4.03
30,TLM-DEEP-16,50.0,2.766,2.587,29.5,4.11
31,TLM-DEEP-17,90.0,0.273,0.860,30.4,4.09
32,TLM-DEEP-10,130.0,1.635,0.933,28.9,3.49
33,TLM-DEEP-11,170.0,2.590,1.166,34.3,3.62
34,TLM-DEEP-12,210.0,3.228,1.486,35.8,4.06
35,TLM-DEEP-13,50.0,3.045,1.246,35.9,3.85
36,TLM-DEEP-14,90.0,2.754,0.650,28.5,3.85
37,TLM-DEEP-15,130.0,0.122,2.040,34.6,3.84
38,TLM-DEEP-16,170.0,1.387,2.456,35.8,3.77
39,TLM-DEEP-17,210.0,2.171,1.649,31.6,3.71
40,TLM-DEEP-10,50.0,3.190,0.848,30.7,3.88
41,TLM-DEEP-11,90.0,2.531,2.736,36.3,3.68
42,TLM-DEEP-12,130.0,0.008,2.671,36.1,3.79
43,TLM-DEEP-13,170.0,1.927,0.912,32.2,3.95
44,TLM-DEEP-14,210.0,2.289,0.711,31.6,3.66
45,TLM-DEEP-15,50.0,2.783,1.284,32.5,4.20
46,TLM-DEEP-16,90.0,2.509,0.218,30.7,3.76
47,TLM-DEEP-17,130.0,2.039,1.044,35.8,3.51
48,TLM-DEEP-10,170.0,2.799,1.387,33.3,3.42
49,TLM-DEEP-11,210.0,1.375,0.527,33.0,3.74
50,TLM-DEEP-12,50.0,0.893,2.723,32.8,4.16
51,TLM-DEEP-13,90.0,2.943,0.747,29.6,3.81
52,TLM-DEEP-14,130.0,0.304,0.426,32.8,3.88
53,TLM-DEEP-15,170.0,0.868,0.424,34.2,3.68
54,TLM-DEEP-16,210.0,2.741,1.116,28.9,3.78
55,TLM-DEEP-17,50.0,1.529,1.438,32.2,3.80
56,TLM-DEEP-10,90.0,2.141,1.032,28.9,4.12
57,TLM-DEEP-11,130.0,0.536,1.733,30.0,3.56
58,TLM-DEEP-12,170.0,2.322,2.042,32.7,3.54
59,TLM-DEEP-13,210.0,1.833,2.781,30.8,3.73
60,TLM-DEEP-14,50.0,0.825,0.918,31.3,4.15
61,TLM-DEEP-15,90.0,1.537,0.656,34.6,3.86
62,TLM-DEEP-16,130.0,2.873,1.352,31.6,3.81
63,TLM-DEEP-17,170.0,3.196,1.411,35.1,3.90
64,TLM-DEEP-10,210.0,2.661,2.423,32.6,3.80
65,TLM-DEEP-11,50.0,0.716,1.515,34.6,3.72
66,TLM-DEEP-12,90.0,0.322,0.682,28.7,4.05
67,TLM-DEEP-13,130.0,1.150,0.583,32.8,3.86
68,TLM-DEEP-14,170.0,0.817,0.248,33.4,3.99
69,TLM-DEEP-15,210.0,0.008,0.916,35.7,3.98
70,TLM-DEEP-16,50.0,0.659,0.471,34.5,3.99
71,TLM-DEEP-17,90.0,3.416,0.952,30.5,4.16
72,TLM-DEEP-10,130.0,0.432,1.038,29.4,3.63
73,TLM-DEEP-11,170.0,3.022,2.554,36.2,3.86
74,TLM-DEEP-12,210.0,0.824,0.247,35.4,3.72
75,TLM-DEEP-13,50.0,1.692,0.174,31.6,3.41
76,TLM-DEEP-14,90.0,2.991,2.077,32.9,3.75
77,TLM-DEEP-15,130.0,2.180,1.381,29.4,3.59
78,TLM-DEEP-16,170.0,3.155,2.591,36.2,3.44
79,TLM-DEEP-17,210.0,0.041,1.417,32.8,3.41
80,TLM-DEEP-10,50.0,2.004,0.543,29.2,4.04
81,TLM-DEEP-11,90.0,2.709,2.705,36.3,3.41
82,TLM-DEEP-12,130.0,2.332,0.755,30.8,3.74
83,TLM-DEEP-13,170.0,0.909,1.058,33.5,3.52
84,TLM-DEEP-14,210.0,3.431,1.443,35.1,3.94
85,TLM-DEEP-15,50.0,0.305,2.689,34.0,4.11
86,TLM-DEEP-16,90.0,1.267,1.985,31.3,4.13
87,TLM-DEEP-17,130.0,2.700,2.766,31.4,3.83
88,TLM-DEEP-10,170.0,0.121,0.870,34.6,4.03
89,TLM-DEEP-11,210.0,0.997,1.313,30.9,3.70
90,TLM-DEEP-12,50.0,1.898,2.493,35.7,4.18
91,TLM-DEEP-13,90.0,1.222,0.998,29.8,3.75
92,TLM-DEEP-14,130.0,0.910,0.932,35.8,3.60
93,TLM-DEEP-15,170.0,1.257,0.447,31.9,3.64
94,TLM-DEEP-16,210.0,2.799,0.709,31.4,3.57
95,TLM-DEEP-17,50.0,0.634,0.704,35.6,4.04
96,TLM-DEEP-10,90.0,1.761,0.490,31.0,3.45
97,TLM-DEEP-11,130.0,1.193,2.169,31.8,3.63
98,TLM-DEEP-12,170.0,3.477,0.745,29.7,3.92
99,TLM-DEEP-13,210.0,1.164,2.090,28.8,3.79
100,TLM-DEEP-14,50.0,1.517,2.204,33.0,3.87
101,TLM-DEEP-15,90.0,3.075,0.722,34.0,3.86
102,TLM-DEEP-16,130.0,1.074,2.362,29.7,3.94
103,TLM-DEEP-17,170.0,2.187,0.597,32.7,3.77
104,TLM-DEEP-10,210.0,0.373,0.150,34.0,3.83
105,TLM-DEEP-11,50.0,2.436,2.786,31.3,3.82
106,TLM-DEEP-12,90.0,1.666,0.225,29.6,4.15
107,TLM-DEEP-13,130.0,1.813,2.205,34.7,4.13
108,TLM-DEEP-14,170.0,1.276,0.637,33.5,3.54
109,TLM-DEEP-15,210.0,1.952,1.573,35.4,3.99
110,TLM-DEEP-16,50.0,1.834,2.380,36.4,3.65
111,TLM-DEEP-17,90.0,1.054,2.323,34.2,3.99
112,TLM-DEEP-10,130.0,0.260,1.753,35.4,3.99
113,TLM-DEEP-11,170.0,1.477,1.917,29.5,3.83
114,TLM-DEEP-12,210.0,2.963,1.547,34.7,3.93
115,TLM-DEEP-13,50.0,3.368,2.782,28.8,3.47
116,TLM-DEEP-14,90.0,3.157,1.689,33.6,3.51
117,TLM-DEEP-15,130.0,3.054,2.687,32.4,3.45
118,TLM-DEEP-16,170.0,0.590,2.389,29.2,3.70
119,TLM-DEEP-17,210.0,1.321,0.105,36.3,3.90
120,TLM-DEEP-10,50.0,1.752,2.407,31.9,4.00
121,TLM-DEEP-11,90.0,2.158,1.881,33.6,3.61
122,TLM-DEEP-12,130.0,2.944,1.527,34.6,4.08
123,TLM-DEEP-13,170.0,0.639,0.027,31.6,3.74
124,TLM-DEEP-14,210.0,2.352,2.547,29.6,3.45
125,TLM-DEEP-15,50.0,3.155,0.829,33.5,4.10
126,TLM-DEEP-16,90.0,3.428,0.060,32.5,4.11
127,TLM-DEEP-17,130.0,1.297,0.219,30.7,3.49
128,TLM-DEEP-10,170.0,1.326,2.373,35.7,3.53
129,TLM-DEEP-11,210.0,1.719,1.194,30.8,3.76
130,TLM-DEEP-12,50.0,1.134,0.491,32.6,3.96
131,TLM-DEEP-13,90.0,3.003,0.400,35.0,3.94
132,TLM-DEEP-14,130.0,2.166,0.736,29.0,3.69
133,TLM-DEEP-15,170.0,0.023,2.477,34.1,4.17
134,TLM-DEEP-16,210.0,0.897,1.187,30.2,3.86
135,TLM-DEEP-17,50.0,0.121,1.538,30.5,3.61
136,TLM-DEEP-10,90.0,2.680,1.088,28.9,3.48
137,TLM-DEEP-11,130.0,0.741,0.499,28.8,4.11
138,TLM-DEEP-12,170.0,0.198,1.179,31.0,3.78
139,TLM-DEEP-13,210.0,0.003,1.963,31.1,3.58
140,TLM-DEEP-14,50.0,1.832,1.574,31.5,3.47
141,TLM-DEEP-15,90.0,0.521,1.714,30.6,3.76
142,TLM-DEEP-16,130.0,2.326,1.105,36.1,3.75
143,TLM-DEEP-17,170.0,1.893,1.887,30.8,3.87
144,TLM-DEEP-10,210.0,2.624,2.233,32.6,3.52
145,TLM-DEEP-11,50.0,1.218,2.471,31.0,3.51
146,TLM-DEEP-12,90.0,1.710,1.781,32.5,3.55
147,TLM-DEEP-13,130.0,1.449,2.170,28.5,3.70
148,TLM-DEEP-14,170.0,2.494,1.411,33.7,3.44
149,TLM-DEEP-15,210.0,3.199,1.776,34.9,3.64
150,TLM-DEEP-16,50.0,2.604,1.335,34.2,3.59
151,TLM-DEEP-17,90.0,1.063,0.882,31.6,3.61
152,TLM-DEEP-10,130.0,2.788,0.898,30.3,4.15
153,TLM-DEEP-11,170.0,3.343,1.670,34.9,3.41
154,TLM-DEEP-12,210.0,1.376,2.680,31.4,4.15
155,TLM-DEEP-13,50.0,0.077,0.659,30.2,3.74
156,TLM-DEEP-14,90.0,1.786,1.113,33.6,3.45
157,TLM-DEEP-15,130.0,0.048,0.565,36.2,4.09
158,TLM-DEEP-16,170.0,2.872,1.119,32.2,3.96
159,TLM-DEEP-17,210.0,1.877,0.108,31.1,3.65
160,TLM-DEEP-10,50.0,3.145,2.020,34.8,3.89
161,TLM-DEEP-11,90.0,2.145,0.365,36.4,3.56
162,TLM-DEEP-12,130.0,3.047,2.068,31.1,4.16
163,TLM-DEEP-13,170.0,0.742,0.767,32.1,3.57
164,TLM-DEEP-14,210.0,2.670,2.041,30.8,3.68
165,TLM-DEEP-15,50.0,0.655,0.460,31.1,3.72
166,TLM-DEEP-16,90.0,2.713,0.417,34.7,4.08
167,TLM-DEEP-17,130.0,2.782,2.747,29.8,3.62
168,TLM-DEEP-10,170.0,2.069,0.785,34.0,3.63
169,TLM-DEEP-11,210.0,3.355,0.582,31.5,3.49
170,TLM-DEEP-12,50.0,2.581,2.299,29.0,3.90
171,TLM-DEEP-13,90.0,3.380,1.922,31.0,3.78
172,TLM-DEEP-14,130.0,2.139,1.728,29.5,3.46
173,TLM-DEEP-15,170.0,0.924,2.485,30.4,3.48
174,TLM-DEEP-16,210.0,1.188,1.248,36.2,3.67
175,TLM-DEEP-17,50.0,0.420,2.162,31.5,3.75
176,TLM-DEEP-10,90.0,3.276,0.973,30.4,4.20
177,TLM-DEEP-11,130.0,3.359,1.373,30.2,3.77
178,TLM-DEEP-12,170.0,0.888,1.803,35.2,4.00
179,TLM-DEEP-13,210.0,0.707,2.536,34.3,3.82
180,TLM-DEEP-14,50.0,2.802,0.403,34.4,3.90
181,TLM-DEEP-15,90.0,1.295,2.491,35.1,4.14
182,TLM-DEEP-16,130.0,0.252,1.499,31.9,4.15
183,TLM-DEEP-17,170.0,2.595,2.497,29.0,4.09
184,TLM-DEEP-10,210.0,1.834,2.284,29.4,3.95
185,TLM-DEEP-11,50.0,0.434,2.271,34.7,3.69
186,TLM-DEEP-12,90.0,0.207,1.975,28.6,3.57
187,TLM-DEEP-13,130.0,2.284,1.566,29.5,3.97
188,TLM-DEEP-14,170.0,1.842,0.592,32.7,3.65
189,TLM-DEEP-15,210.0,3.281,1.108,33.6,3.73
190,TLM-DEEP-16,50.0,2.902,0.315,29.5,3.85
191,TLM-DEEP-17,90.0,1.113,0.426,32.4,3.60
192,TLM-DEEP-10,130.0,1.711,0.790,33.5,3.55
193,TLM-DEEP-11,170.0,0.611,0.767,30.0,3.44
194,TLM-DEEP-12,210.0,0.016,2.545,34.5,3.85
195,TLM-DEEP-13,50.0,2.421,1.614,36.4,3.94
196,TLM-DEEP-14,90.0,1.787,0.968,35.9,3.67
197,TLM-DEEP-15,130.0,2.137,1.418,29.5,3.91
198,TLM-DEEP-16,170.0,1.231,2.388,28.8,3.82
199,TLM-DEEP-17,210.0,1.488,0.744,34.0,3.76
200,TLM-DEEP-10,50.0,3.141,0.688,32.5,3.57
201,TLM-DEEP-11,90.0,1.596,2.623,36.2,3.76
202,TLM-DEEP-12,130.0,1.685,0.496,33.5,3.42
203,TLM-DEEP-13,170.0,0.520,0.099,31.9,3.66
204,TLM-DEEP-14,210.0,0.809,2.547,33.6,4.08
205,TLM-DEEP-15,50.0,1.406,1.740,29.5,3.53
206,TLM-DEEP-16,90.0,2.831,0.626,35.4,3.43
207,TLM-DEEP-17,130.0,1.555,0.074,32.1,3.66
208,TLM-DEEP-10,170.0,2.818,0.427,33.9,3.95
209,TLM-DEEP-11,210.0,0.171,0.788,28.7,3.75
210,TLM-DEEP-12,50.0,2.119,1.696,34.3,4.12
211,TLM-DEEP-13,90.0,0.644,0.565,31.6,3.48
212,TLM-DEEP-14,130.0,0.234,1.161,30.7,3.57
213,TLM-DEEP-15,170.0,0.913,0.458,29.3,4.17
214,TLM-DEEP-16,210.0,1.416,0.518,30.3,3.65
215,TLM-DEEP-17,50.0,0.699,1.262,35.2,3.71
216,TLM-DEEP-10,90.0,3.263,2.752,29.8,3.92
217,TLM-DEEP-11,130.0,3.211,2.267,34.6,3.97
218,TLM-DEEP-12,170.0,3.045,2.325,31.5,3.70
219,TLM-DEEP-13,210.0,2.351,1.736,33.3,3.66
220,TLM-DEEP-14,50.0,2.662,2.514,29.4,3.75
221,TLM-DEEP-15,90.0,0.058,0.520,33.5,3.99
222,TLM-DEEP-16,130.0,2.965,0.757,30.6,3.42
223,TLM-DEEP-17,170.0,2.267,1.634,29.5,4.08
224,TLM-DEEP-10,210.0,2.189,0.157,35.6,3.48
225,TLM-DEEP-11,50.0,1.090,2.148,36.5,3.47
226,TLM-DEEP-12,90.0,0.138,2.538,35.2,3.96
227,TLM-DEEP-13,130.0,2.082,2.648,34.8,3.42
228,TLM-DEEP-14,170.0,0.213,1.085,34.1,3.95
229,TLM-DEEP-15,210.0,2.566,2.061,34.4,3.84
230,TLM-DEEP-16,50.0,0.838,2.476,35.3,3.82
231,TLM-DEEP-17,90.0,1.763,2.118,31.3,3.82
232,TLM-DEEP-10,130.0,2.125,2.688,31.7,4.19
233,TLM-DEEP-11,170.0,3.278,1.281,29.2,4.15
234,TLM-DEEP-12,210.0,0.644,1.347,33.0,3.72
235,TLM-DEEP-13,50.0,1.901,2.237,36.1,3.75
236,TLM-DEEP-14,90.0,3.236,2.284,34.4,3.87
237,TLM-DEEP-15,130.0,2.485,0.803,33.9,4.08
238,TLM-DEEP-16,170.0,1.354,1.294,36.2,3.62
239,TLM-DEEP-17,210.0,0.987,0.027,34.0,4.13
240,TLM-DEEP-10,50.0,3.428,2.025,32.9,4.12
241,TLM-DEEP-11,90.0,1.875,2.575,31.4,3.58
242,TLM-DEEP-12,130.0,1.040,2.550,34.7,3.94
243,TLM-DEEP-13,170.0,1.140,2.473,28.9,3.97
244,TLM-DEEP-14,210.0,1.755,2.152,35.0,4.02
245,TLM-DEEP-15,50.0,2.323,0.409,33.7,4.11
246,TLM-DEEP-16,90.0,3.435,0.944,30.8,3.43
247,TLM-DEEP-17,130.0,1.048,1.022,31.8,4.01
248,TLM-DEEP-10,170.0,0.600,1.689,31.8,4.09
249,TLM-DEEP-11,210.0,1.068,1.353,33.7,3.72
250,TLM-DEEP-12,50.0,2.188,2.040,34.5,3.68
251,TLM-DEEP-13,90.0,1.941,2.161,35.4,3.79
252,TLM-DEEP-14,130.0,2.055,1.960,29.2,3.73
253,TLM-DEEP-15,170.0,0.558,1.163,32.0,4.11
254,TLM-DEEP-16,210.0,0.422,2.551,33.0,4.17
255,TLM-DEEP-17,50.0,2.066,0.580,31.6,3.79
256,TLM-DEEP-10,90.0,0.263,1.729,31.9,3.65
257,TLM-DEEP-11,130.0,3.175,1.722,35.3,4.11
258,TLM-DEEP-12,170.0,1.718,1.253,28.5,3.85
259,TLM-DEEP-13,210.0,1.348,2.430,29.3,4.04
260,TLM-DEEP-14,50.0,1.208,2.690,34.7,3.72
261,TLM-DEEP-15,90.0,0.474,1.668,35.5,4.17
262,TLM-DEEP-16,130.0,1.415,2.417,34.2,3.69
263,TLM-DEEP-17,170.0,1.470,0.555,36.2,3.44
264,TLM-DEEP-10,210.0,0.389,0.908,31.4,3.51
265,TLM-DEEP-11,50.0,3.287,0.000,36.2,4.02
266,TLM-DEEP-12,90.0,0.881,2.174,34.8,3.42
267,TLM-DEEP-13,130.0,1.424,2.619,36.2,3.96
268,TLM-DEEP-14,170.0,1.001,1.617,33.4,3.43
269,TLM-DEEP-15,210.0,1.942,0.269,32.5,4.14
270,TLM-DEEP-16,50.0,1.094,0.262,34.8,3.96
271,TLM-DEEP-17,90.0,1.756,2.366,31.0,3.61
272,TLM-DEEP-10,130.0,3.001,1.856,29.2,3.96
273,TLM-DEEP-11,170.0,1.662,2.742,29.4,3.86
274,TLM-DEEP-12,210.0,0.208,1.081,36.0,3.49
275,TLM-DEEP-13,50.0,0.606,1.939,33.2,3.74
276,TLM-DEEP-14,90.0,2.551,0.298,30.5,3.56
277,TLM-DEEP-15,130.0,1.866,1.339,36.0,3.67
278,TLM-DEEP-16,170.0,2.274,0.394,30.9,3.47
279,TLM-DEEP-17,210.0,0.291,0.474,33.0,3.82
280,TLM-DEEP-10,50.0,1.913,0.958,35.5,4.05
281,TLM-DEEP-11,90.0,3.206,0.824,32.7,3.88
282,TLM-DEEP-12,130.0,2.689,0.242,30.1,4.20
283,TLM-DEEP-13,170.0,2.932,2.745,31.6,3.83
284,TLM-DEEP-14,210.0,2.494,0.289,29.5,3.55
285,TLM-DEEP-15,50.0,1.854,0.657,36.2,3.84
286,TLM-DEEP-16,90.0,1.285,1.607,29.8,3.99
287,TLM-DEEP-17,130.0,1.529,0.526,32.0,3.64
288,TLM-DEEP-10,170.0,1.687,0.879,35.0,3.70
289,TLM-DEEP-11,210.0,2.780,0.768,32.5,3.77
290,TLM-DEEP-12,50.0,0.920,0.939,33.8,3.68
291,TLM-DEEP-13,90.0,1.825,0.605,29.3,3.52
292,TLM-DEEP-14,130.0,0.556,1.359,31.6,3.84
293,TLM-DEEP-15,170.0,0.483,1.776,31.7,3.87
294,TLM-DEEP-16,210.0,0.428,1.679,34.9,3.74
295,TLM-DEEP-17,50.0,0.224,0.612,34.6,3.61
296,TLM-DEEP-10,90.0,2.989,2.000,36.3,3.68
297,TLM-DEEP-11,130.0,2.507,0.068,29.4,3.43
298,TLM-DEEP-12,170.0,0.034,0.566,32.6,3.49
299,TLM-DEEP-13,210.0,0.507,0.793,31.4,3.47
300,TLM-DEEP-14,50.0,2.916,1.060,33.4,4.08
301,TLM-DEEP-15,90.0,2.762,0.059,35.8,3.85
302,TLM-DEEP-16,130.0,1.873,2.093,29.8,4.12
303,TLM-DEEP-17,170.0,0.018,1.911,31.7,3.86
304,TLM-DEEP-10,210.0,2.107,1.228,35.4,3.45
305,TLM-DEEP-11,50.0,2.653,1.598,31.0,3.65
306,TLM-DEEP-12,90.0,1.667,0.871,29.1,4.07
307,TLM-DEEP-13,130.0,0.193,2.225,35.9,3.78
308,TLM-DEEP-14,170.0,0.854,0.275,32.4,3.67
309,TLM-DEEP-15,210.0,1.381,0.301,32.6,3.96
310,TLM-DEEP-16,50.0,1.988,1.078,32.7,3.74
311,TLM-DEEP-17,90.0,2.657,1.388,34.0,3.62
312,TLM-DEEP-10,130.0,2.184,0.480,30.6,3.56
313,TLM-DEEP-11,170.0,2.250,2.704,28.8,4.19
314,TLM-DEEP-12,210.0,1.466,2.528,33.5,3.99
315,TLM-DEEP-13,50.0,0.531,1.254,32.9,3.71
316,TLM-DEEP-14,90.0,2.774,2.641,36.1,3.54
317,TLM-DEEP-15,130.0,3.139,1.025,29.3,4.18
318,TLM-DEEP-16,170.0,0.540,1.243,34.5,4.13
319,TLM-DEEP-17,210.0,3.413,2.382,30.9,3.88
320,TLM-DEEP-10,50.0,1.881,2.419,31.9,3.49
321,TLM-DEEP-11,90.0,2.789,1.731,30.7,3.66
322,TLM-DEEP-12,130.0,1.983,1.873,34.8,4.00
323,TLM-DEEP-13,170.0,2.556,2.049,34.1,3.62
324,TLM-DEEP-14,210.0,3.150,2.517,34.1,3.70
325,TLM-DEEP-15,50.0,1.281,0.458,29.5,3.46
326,TLM-DEEP-16,90.0,2.718,1.711,31.7,3.87
327,TLM-DEEP-17,130.0,0.957,2.147,34.1,4.17
328,TLM-DEEP-10,170.0,0.954,1.038,35.5,3.98
329,TLM-DEEP-11,210.0,0.602,1.765,31.7,3.89
330,TLM-DEEP-12,50.0,3.272,0.945,33.3,4.05
331,TLM-DEEP-13,90.0,1.344,1.208,30.6,3.71
332,TLM-DEEP-14,130.0,3.069,2.741,32.9,4.01
333,TLM-DEEP-15,170.0,0.876,2.639,36.1,3.62
334,TLM-DEEP-16,210.0,0.243,1.815,30.2,4.07
335,TLM-DEEP-17,50.0,1.269,1.607,29.4,3.40
336,TLM-DEEP-10,90.0,2.844,1.356,36.1,3.89
337,TLM-DEEP-11,130.0,1.628,2.453,31.5,3.93
338,TLM-DEEP-12,170.0,0.874,0.253,33.1,3.90
339,TLM-DEEP-13,210.0,1.931,0.874,32.0,3.52
340,TLM-DEEP-14,50.0,0.450,0.899,35.0,3.84
341,TLM-DEEP-15,90.0,0.525,1.718,31.8,4.16
342,TLM-DEEP-16,130.0,3.082,2.156,28.9,3.88
343,TLM-DEEP-17,170.0,2.982,1.300,31.0,3.94
344,TLM-DEEP-10,210.0,2.823,1.009,30.4,4.10
345,TLM-DEEP-11,50.0,2.105,2.425,34.8,4.12
346,TLM-DEEP-12,90.0,0.298,0.050,30.6,4.05
347,TLM-DEEP-13,130.0,2.539,2.474,29.7,3.73
348,TLM-DEEP-14,170.0,0.721,0.534,32.0,3.90
349,TLM-DEEP-15,210.0,2.694,2.694,33.2,3.49
350,TLM-DEEP-16,50.0,2.389,0.504,35.1,3.64
351,TLM-DEEP-17,90.0,0.148,1.349,36.0,3.97
352,TLM-DEEP-10,130.0,2.265,2.056,34.7,3.40
353,TLM-DEEP-11,170.0,3.404,2.355,34.8,4.02
354,TLM-DEEP-12,210.0,2.683,0.192,32.5,3.41
355,TLM-DEEP-13,50.0,0.812,2.710,34.1,3.83
356,TLM-DEEP-14,90.0,1.005,0.929,31.6,3.82
357,TLM-DEEP-15,130.0,0.432,0.716,29.4,4.00
358,TLM-DEEP-16,170.0,0.254,1.072,34.7,3.79
359,TLM-DEEP-17,210.0,3.449,1.409,32.8,3.77
360,TLM-DEEP-10,50.0,3.091,1.205,34.3,3.71
361,TLM-DEEP-11,90.0,2.148,2.697,29.1,3.59
362,TLM-DEEP-12,130.0,3.259,0.219,34.3,3.46
363,TLM-DEEP-13,170.0,1.592,2.114,34.3,4.16
364,TLM-DEEP-14,210.0,2.119,1.701,32.4,4.19
365,TLM-DEEP-15,50.0,2.322,2.202,29.1,3.98
366,TLM-DEEP-16,90.0,1.836,2.269,31.6,3.64
367,TLM-DEEP-17,130.0,0.299,2.775,28.5,3.98
368,TLM-DEEP-10,170.0,1.863,0.875,33.6,4.00
369,TLM-DEEP-11,210.0,2.877,0.009,35.6,4.11
370,TLM-DEEP-12,50.0,2.763,2.129,33.6,3.55
371,TLM-DEEP-13,90.0,2.239,1.519,28.5,3.73
372,TLM-DEEP-14,130.0,1.028,1.827,30.4,4.20
373,TLM-DEEP-15,170.0,2.844,0.211,29.4,3.88
374,TLM-DEEP-16,210.0,2.106,2.047,30.8,4.01
375,TLM-DEEP-17,50.0,2.536,0.087,29.9,3.62
376,TLM-DEEP-10,90.0,2.050,1.710,36.3,4.02
377,TLM-DEEP-11,130.0,2.393,2.615,31.3,3.53
378,TLM-DEEP-12,170.0,3.344,2.214,33.5,3.83
379,TLM-DEEP-13,210.0,1.284,0.593,35.0,4.02
380,TLM-DEEP-14,50.0,3.303,2.148,32.9,3.92
381,TLM-DEEP-15,90.0,2.113,2.545,33.9,4.05
382,TLM-DEEP-16,130.0,0.313,0.967,31.8,3.51
383,TLM-DEEP-17,170.0,2.353,0.672,31.3,3.92
384,TLM-DEEP-10,210.0,2.457,1.223,28.8,3.61
385,TLM-DEEP-11,50.0,0.411,2.012,32.4,3.73
386,TLM-DEEP-12,90.0,0.962,0.213,35.4,3.96
387,TLM-DEEP-13,130.0,2.013,1.495,29.8,3.48
388,TLM-DEEP-14,170.0,2.482,1.079,33.6,3.51
389,TLM-DEEP-15,210.0,2.991,1.898,30.3,3.41
390,TLM-DEEP-16,50.0,2.387,2.734,33.3,4.01
391,TLM-DEEP-17,90.0,1.427,1.953,34.9,4.04
392,TLM-DEEP-10,130.0,1.440,2.509,33.6,3.68
393,TLM-DEEP-11,170.0,0.991,2.480,36.1,3.80
394,TLM-DEEP-12,210.0,2.446,2.010,32.1,3.59
395,TLM-DEEP-13,50.0,2.151,0.353,32.2,3.45
396,TLM-DEEP-14,90.0,0.115,2.163,31.4,4.11
397,TLM-DEEP-15,130.0,0.706,1.977,33.0,3.65
398,TLM-DEEP-16,170.0,2.355,1.532,33.1,3.94
399,TLM-DEEP-17,210.0,2.106,0.593,31.0,3.57
400,TLM-DEEP-10,50.0,2.593,1.677,34.8,3.53
401,TLM-DEEP-11,90.0,1.864,1.761,36.3,3.93
402,TLM-DEEP-12,130.0,0.647,2.294,34.2,3.72
403,TLM-DEEP-13,170.0,0.687,1.870,32.3,4.03
404,TLM-DEEP-14,210.0,0.951,0.585,33.5,3.78
405,TLM-DEEP-15,50.0,1.134,0.224,33.2,4.06
406,TLM-DEEP-16,90.0,1.977,0.295,31.1,4.16
407,TLM-DEEP-17,130.0,1.327,2.655,36.0,3.53
408,TLM-DEEP-10,170.0,1.573,2.483,30.9,3.54
409,TLM-DEEP-11,210.0,3.221,1.795,29.9,3.76
410,TLM-DEEP-12,50.0,1.272,1.291,31.7,3.73
411,TLM-DEEP-13,90.0,1.997,1.405,31.0,3.45
412,TLM-DEEP-14,130.0,3.406,0.531,35.7,3.72
413,TLM-DEEP-15,170.0,0.865,0.439,31.1,3.76
414,TLM-DEEP-16,210.0,3.292,0.477,29.6,3.53
415,TLM-DEEP-17,50.0,0.374,1.011,31.9,4.19
416,TLM-DEEP-10,90.0,1.743,0.898,34.9,3.76
417,TLM-DEEP-11,130.0,1.979,0.943,33.0,4.15
418,TLM-DEEP-12,170.0,0.659,0.844,30.5,3.57
419,TLM-DEEP-13,210.0,3.371,1.634,29.2,3.66
420,TLM-DEEP-14,50.0,1.249,2.252,35.6,3.69
421,TLM-DEEP-15,90.0,3.490,0.507,36.3,3.98
422,TLM-DEEP-16,130.0,1.051,0.935,34.8,3.97
423,TLM-DEEP-17,170.0,0.203,1.903,31.3,4.15
424,TLM-DEEP-10,210.0,1.985,2.061,34.1,3.41
425,TLM-DEEP-11,50.0,2.188,0.980,33.2,3.77
426,TLM-DEEP-12,90.0,2.940,1.081,31.4,3.41
427,TLM-DEEP-13,130.0,0.601,1.220,29.6,3.53
428,TLM-DEEP-14,170.0,2.202,2.187,29.6,4.18
429,TLM-DEEP-15,210.0,1.727,2.485,31.0,3.40
430,TLM-DEEP-16,50.0,2.407,2.136,36.0,4.06
431,TLM-DEEP-17,90.0,0.077,0.073,34.0,3.71
432,TLM-DEEP-10,130.0,1.774,1.177,29.1,3.54
433,TLM-DEEP-11,170.0,3.099,0.122,30.0,3.54
434,TLM-DEEP-12,210.0,2.944,0.329,30.8,3.57
435,TLM-DEEP-13,50.0,0.415,1.636,35.6,3.48
436,TLM-DEEP-14,90.0,0.807,0.426,34.9,3.98
437,TLM-DEEP-15,130.0,1.832,0.921,31.8,3.80
438,TLM-DEEP-16,170.0,1.040,1.180,33.6,3.43
439,TLM-DEEP-17,210.0,2.684,1.116,36.4,3.44
440,TLM-DEEP-10,50.0,1.150,2.133,29.7,3.81
441,TLM-DEEP-11,90.0,1.985,1.099,35.5,3.98
442,TLM-DEEP-12,130.0,3.341,0.820,32.6,3.77
443,TLM-DEEP-13,170.0,3.140,0.640,34.4,4.01
444,TLM-DEEP-14,210.0,0.984,1.621,32.6,3.79
445,TLM-DEEP-15,50.0,1.320,1.461,33.9,3.54
446,TLM-DEEP-16,90.0,3.066,2.040,36.1,4.01
447,TLM-DEEP-17,130.0,2.577,1.462,34.2,4.15
448,TLM-DEEP-10,170.0,0.733,0.652,33.1,3.71
449,TLM-DEEP-11,210.0,2.892,0.772,31.4,3.49
450,TLM-DEEP-12,50.0,3.461,0.418,28.9,3.53
451,TLM-DEEP-13,90.0,2.548,2.741,34.9,3.96
452,TLM-DEEP-14,130.0,1.913,1.233,35.9,3.48
453,TLM-DEEP-15,170.0,0.673,1.657,30.9,3.85
454,TLM-DEEP-16,210.0,0.609,1.834,28.7,3.78
455,TLM-DEEP-17,50.0,1.546,2.488,34.4,3.95
456,TLM-DEEP-10,90.0,2.517,2.547,32.3,4.01
457,TLM-DEEP-11,130.0,2.851,0.553,36.0,3.41
458,TLM-DEEP-12,170.0,0.423,1.136,31.0,3.50
459,TLM-DEEP-13,210.0,3.328,0.393,35.3,3.91
460,TLM-DEEP-14,50.0,2.490,2.789,31.1,3.75
461,TLM-DEEP-15,90.0,1.066,2.778,30.8,3.62
462,TLM-DEEP-16,130.0,2.544,1.665,30.7,3.85
463,TLM-DEEP-17,170.0,1.996,2.451,29.4,4.18
464,TLM-DEEP-10,210.0,2.704,2.542,28.6,3.91
465,TLM-DEEP-11,50.0,1.205,2.099,36.3,3.65
466,TLM-DEEP-12,90.0,1.123,2.581,35.5,4.05
467,TLM-DEEP-13,130.0,3.223,0.835,33.8,4.14
468,TLM-DEEP-14,170.0,3.186,0.058,35.8,4.12
469,TLM-DEEP-15,210.0,1.266,2.095,32.9,3.65
470,TLM-DEEP-16,50.0,2.802,0.265,30.4,3.55
471,TLM-DEEP-17,90.0,3.169,1.633,33.4,3.44
472,TLM-DEEP-10,130.0,2.529,2.479,33.6,3.70
473,TLM-DEEP-11,170.0,1.265,1.858,33.4,3.44
474,TLM-DEEP-12,210.0,2.040,1.868,32.1,3.74
475,TLM-DEEP-13,50.0,2.562,0.633,33.2,3.92
476,TLM-DEEP-14,90.0,1.456,1.576,33.7,3.64
477,TLM-DEEP-15,130.0,3.053,1.760,35.7,4.13
478,TLM-DEEP-16,170.0,0.124,1.967,30.1,3.89
479,TLM-DEEP-17,210.0,0.492,0.638,36.0,3.75
480,TLM-DEEP-10,50.0,1.526,1.384,31.6,3.80
481,TLM-DEEP-11,90.0,2.843,0.383,34.2,4.20
482,TLM-DEEP-12,130.0,1.268,0.102,30.4,3.43
483,TLM-DEEP-13,170.0,0.874,2.203,28.9,3.77
484,TLM-DEEP-14,210.0,2.339,0.673,35.1,3.51
485,TLM-DEEP-15,50.0,1.851,2.203,36.3,3.80
486,TLM-DEEP-16,90.0,0.370,1.483,36.3,3.84
487,TLM-DEEP-17,130.0,1.390,0.408,29.1,3.73
488,TLM-DEEP-10,170.0,0.170,2.683,35.0,3.42
489,TLM-DEEP-11,210.0,0.406,0.385,28.8,4.01
490,TLM-DEEP-12,50.0,1.692,2.381,28.8,3.93
491,TLM-DEEP-13,90.0,1.117,1.649,34.8,3.96
492,TLM-DEEP-14,130.0,0.137,0.862,30.6,3.41
493,TLM-DEEP-15,170.0,0.125,1.003,30.7,3.73
494,TLM-DEEP-16,210.0,3.126,1.830,32.2,3.80
495,TLM-DEEP-17,50.0,2.398,1.064,36.0,4.04
496,TLM-DEEP-10,90.0,1.234,0.575,34.0,3.60
497,TLM-DEEP-11,130.0,3.253,2.244,29.5,3.64
498,TLM-DEEP-12,170.0,1.044,1.537,31.0,3.92
499,TLM-DEEP-13,210.0,2.807,2.412,33.4,3.55
500,TLM-DEEP-14,50.0,0.752,1.727,29.7,3.66
501,TLM-DEEP-15,90.0,3.211,2.575,30.9,3.89
502,TLM-DEEP-16,130.0,3.452,2.736,34.3,4.16
503,TLM-DEEP-17,170.0,1.874,1.816,35.7,3.54
504,TLM-DEEP-10,210.0,3.082,1.540,34.5,3.59
505,TLM-DEEP-11,50.0,2.302,1.238,35.2,3.80
506,TLM-DEEP-12,90.0,1.575,0.384,36.2,4.19
507,TLM-DEEP-13,130.0,3.497,2.507,33.7,3.99
508,TLM-DEEP-14,170.0,0.829,0.065,36.3,4.08
509,TLM-DEEP-15,210.0,0.454,2.309,31.7,3.42
510,TLM-DEEP-16,50.0,0.296,0.809,30.8,3.77
511,TLM-DEEP-17,90.0,1.346,0.427,32.5,3.59
512,TLM-DEEP-10,130.0,1.480,1.312,34.6,3.63
513,TLM-DEEP-11,170.0,1.441,1.690,29.8,3.61
514,TLM-DEEP-12,210.0,1.241,0.555,33.3,3.76
515,TLM-DEEP-13,50.0,2.983,1.724,34.2,3.85
516,TLM-DEEP-14,90.0,1.918,0.303,29.4,3.74
517,TLM-DEEP-15,130.0,0.007,1.584,35.9,3.95
518,TLM-DEEP-16,170.0,1.444,2.323,35.3,3.41
519,TLM-DEEP-17,210.0,0.216,0.492,32.3,3.55
520,TLM-DEEP-10,50.0,3.160,0.069,31.5,3.82
521,TLM-DEEP-11,90.0,2.967,0.537,35.2,4.09
522,TLM-DEEP-12,130.0,2.370,2.120,28.8,3.76
523,TLM-DEEP-13,170.0,3.430,1.484,32.4,4.00
524,TLM-DEEP-14,210.0,1.989,1.155,29.1,3.92
525,TLM-DEEP-15,50.0,1.931,2.790,31.3,4.01
526,TLM-DEEP-16,90.0,3.172,1.568,30.3,3.75
527,TLM-DEEP-17,130.0,1.986,1.701,30.4,3.63
528,TLM-DEEP-10,170.0,1.332,2.015,35.3,4.09
529,TLM-DEEP-11,210.0,1.883,2.750,31.2,3.51
530,TLM-DEEP-12,50.0,1.528,0.669,33.0,3.60
531,TLM-DEEP-13,90.0,2.208,0.563,30.9,3.51
532,TLM-DEEP-14,130.0,0.147,1.463,30.5,3.78
533,TLM-DEEP-15,170.0,0.503,1.235,34.4,4.13
534,TLM-DEEP-16,210.0,1.997,0.389,32.7,4.19
535,TLM-DEEP-17,50.0,1.500,0.978,31.8,3.52
536,TLM-DEEP-10,90.0,0.632,0.226,29.6,3.46
537,TLM-DEEP-11,130.0,3.497,1.085,31.2,4.13
538,TLM-DEEP-12,170.0,2.516,2.504,29.8,3.45
539,TLM-DEEP-13,210.0,2.192,1.829,34.5,3.77
540,TLM-DEEP-14,50.0,1.120,0.920,29.6,3.52
541,TLM-DEEP-15,90.0,1.376,0.537,30.1,3.41
542,TLM-DEEP-16,130.0,1.144,1.138,30.1,4.09
543,TLM-DEEP-17,170.0,2.162,0.651,32.7,3.65
544,TLM-DEEP-10,210.0,2.927,0.599,32.8,3.86
545,TLM-DEEP-11,50.0,0.620,0.922,36.0,3.45
546,TLM-DEEP-12,90.0,3.374,1.002,29.7,4.00
547,TLM-DEEP-13,130.0,1.036,1.370,36.2,3.67
548,TLM-DEEP-14,170.0,0.308,0.294,29.2,3.43
549,TLM-DEEP-15,210.0,0.012,2.584,35.2,3.99
550,TLM-DEEP-16,50.0,2.730,1.176,33.6,3.78
551,TLM-DEEP-17,90.0,2.463,2.362,30.7,3.50
552,TLM-DEEP-10,130.0,3.370,0.034,31.1,3.74
553,TLM-DEEP-11,170.0,0.020,1.943,29.6,3.96
554,TLM-DEEP-12,210.0,1.839,0.770,33.9,3.74
555,TLM-DEEP-13,50.0,2.818,0.239,31.8,3.69
556,TLM-DEEP-14,90.0,2.743,0.385,34.7,4.17
557,TLM-DEEP-15,130.0,0.509,1.072,30.6,3.81
558,TLM-DEEP-16,170.0,3.335,0.724,34.8,3.79
559,TLM-DEEP-17,210.0,0.456,2.014,32.8,4.07
560,TLM-DEEP-10,50.0,1.477,1.811,30.2,3.65
561,TLM-DEEP-11,90.0,3.091,0.205,32.8,4.07
562,TLM-DEEP-12,130.0,2.219,1.413,34.7,3.49
563,TLM-DEEP-13,170.0,0.614,1.897,35.5,3.77
564,TLM-DEEP-14,210.0,2.388,0.327,29.5,3.91
565,TLM-DEEP-15,50.0,2.500,1.689,34.0,4.10
566,TLM-DEEP-16,90.0,0.353,0.174,31.1,3.60
567,TLM-DEEP-17,130.0,1.309,1.679,29.2,3.99
568,TLM-DEEP-10,170.0,3.299,1.033,34.2,3.74
569,TLM-DEEP-11,210.0,0.722,1.189,33.3,3.78
570,TLM-DEEP-12,50.0,0.296,0.670,34.3,3.71
571,TLM-DEEP-13,90.0,3.408,0.054,30.4,4.03
572,TLM-DEEP-14,130.0,3.424,1.864,32.2,3.83
573,TLM-DEEP-15,170.0,0.196,0.809,34.0,3.54
574,TLM-DEEP-16,210.0,0.211,0.459,34.9,3.47
575,TLM-DEEP-17,50.0,1.308,2.038,30.4,3.93
576,TLM-DEEP-10,90.0,0.468,0.479,33.1,3.95
577,TLM-DEEP-11,130.0,2.707,0.426,30.2,3.54
578,TLM-DEEP-12,170.0,3.269,2.108,36.0,3.72
579,TLM-DEEP-13,210.0,1.136,0.729,32.4,3.83
580,TLM-DEEP-14,50.0,0.388,0.065,31.7,3.60
581,TLM-DEEP-15,90.0,3.184,1.888,34.2,3.98
582,TLM-DEEP-16,130.0,2.302,2.780,35.4,3.51
583,TLM-DEEP-17,170.0,0.379,0.702,31.9,3.82
584,TLM-DEEP-10,210.0,3.204,0.490,28.7,3.68
585,TLM-DEEP-11,50.0,2.263,1.252,28.9,3.60
586,TLM-DEEP-12,90.0,0.339,1.628,32.4,4.01
587,TLM-DEEP-13,130.0,2.563,2.612,31.1,4.15
588,TLM-DEEP-14,170.0,3.055,1.010,28.9,3.45
589,TLM-DEEP-15,210.0,1.574,1.778,31.6,4.18
590,TLM-DEEP-16,50.0,0.908,0.006,32.8,4.10
591,TLM-DEEP-17,90.0,2.528,0.249,29.7,4.01
592,TLM-DEEP-10,130.0,1.978,0.094,32.8,4.10
593,TLM-DEEP-11,170.0,1.649,1.455,28.7,3.69
594,TLM-DEEP-12,210.0,1.108,2.465,32.0,4.01
595,TLM-DEEP-13,50.0,0.551,0.398,35.1,3.96
596,TLM-DEEP-14,90.0,3.364,1.404,33.0,4.15
597,TLM-DEEP-15,130.0,3.045,2.048,36.0,4.15
598,TLM-DEEP-16,170.0,1.604,2.362,36.1,3.92
599,TLM-DEEP-17,210.0,1.568,1.940,34.8,4.12
600,TLM-DEEP-10,50.0,3.180,0.797,32.3,3.78