sar_pass_id,satellite_id,acquisition_date,grid_cell_id,lat,lng,los_displacement_mm,coherence_index,velocity_mm_day
SAR-2026-0001,Sentinel-1A,2026-01-07,GRID-CELL-101,17.5484,80.6128,-9.34,0.653,-1.56
SAR-2026-0002,Sentinel-1B,2026-01-13,GRID-CELL-102,17.5457,80.6167,-9.72,0.688,-1.62
SAR-2026-0003,Sentinel-1A,2026-01-19,GRID-CELL-103,17.5536,80.6129,-8.23,0.900,-1.37
SAR-2026-0004,Sentinel-1B,2026-01-25,GRID-CELL-104,17.5537,80.6163,-11.23,0.742,-1.87
SAR-2026-0005,Sentinel-1B,2026-01-31,GRID-CELL-105,17.5511,80.6157,-21.58,0.604,-3.60
SAR-2026-0006,Sentinel-1A,2026-02-06,GRID-CELL-106,17.5479,80.6188,-18.46,0.457,-3.08
SAR-2026-0007,Sentinel-1B,2026-02-12,GRID-CELL-107,17.5463,80.6175,-7.19,0.632,-1.20
SAR-2026-0008,Sentinel-1B,2026-02-18,GRID-CELL-108,17.5507,80.6146,-16.22,0.491,-2.70
SAR-2026-0009,Sentinel-1B,2026-02-24,GRID-CELL-109,17.5507,80.6135,-21.84,0.915,-3.64
SAR-2026-0010,Sentinel-1B,2026-03-02,GRID-CELL-110,17.5489,80.6167,-16.89,0.758,-2.81
SAR-2026-0011,Sentinel-1A,2026-03-08,GRID-CELL-111,17.5531,80.6165,-25.23,0.493,-4.21
SAR-2026-0012,Sentinel-1A,2026-03-14,GRID-CELL-112,17.5492,80.6158,-6.86,0.651,-1.14
SAR-2026-0013,Sentinel-1B,2026-03-20,GRID-CELL-113,17.5545,80.6113,-6.57,0.596,-1.09
SAR-2026-0014,Sentinel-1B,2026-03-26,GRID-CELL-114,17.5506,80.6198,-17.84,0.864,-2.97
SAR-2026-0015,Sentinel-1A,2026-04-01,GRID-CELL-115,17.5463,80.6142,-24.01,0.623,-4.00
SAR-2026-0016,Sentinel-1B,2026-04-07,GRID-CELL-116,17.5517,80.6199,-11.31,0.811,-1.89
SAR-2026-0017,Sentinel-1A,2026-04-13,GRID-CELL-117,17.5476,80.6182,-8.44,0.500,-1.41
SAR-2026-0018,Sentinel-1B,2026-04-19,GRID-CELL-118,17.5528,80.6160,-25.82,0.916,-4.30
SAR-2026-0019,Sentinel-1A,2026-04-25,GRID-CELL-119,17.5506,80.6113,-23.75,0.720,-3.96
SAR-2026-0020,Sentinel-1A,2026-05-01,GRID-CELL-100,17.5538,80.6105,-2.15,0.595,-0.36
SAR-2026-0021,Sentinel-1B,2026-05-07,GRID-CELL-101,17.5514,80.6139,-16.27,0.641,-2.71
SAR-2026-0022,Sentinel-1B,2026-05-13,GRID-CELL-102,17.5476,80.6136,-13.13,0.456,-2.19
SAR-2026-0023,Sentinel-1A,2026-05-19,GRID-CELL-103,17.5531,80.6182,-6.03,0.558,-1.01
SAR-2026-0024,Sentinel-1B,2026-05-25,GRID-CELL-104,17.5479,80.6179,-18.57,0.886,-3.10
SAR-2026-0025,Sentinel-1A,2026-05-31,GRID-CELL-105,17.5514,80.6169,-9.99,0.537,-1.67
SAR-2026-0026,Sentinel-1B,2026-06-06,GRID-CELL-106,17.5469,80.6142,-21.57,0.566,-3.60
SAR-2026-0027,Sentinel-1B,2026-06-12,GRID-CELL-107,17.5453,80.6197,-21.43,0.464,-3.57
SAR-2026-0028,Sentinel-1B,2026-06-18,GRID-CELL-108,17.5454,80.6113,-4.46,0.936,-0.74
SAR-2026-0029,Sentinel-1B,2026-06-24,GRID-CELL-109,17.5539,80.6164,-7.16,0.840,-1.19
SAR-2026-0030,Sentinel-1B,2026-06-30,GRID-CELL-110,17.5498,80.6171,-13.92,0.762,-2.32
SAR-2026-0031,Sentinel-1A,2026-07-06,GRID-CELL-111,17.5455,80.6173,-8.81,0.724,-1.47
SAR-2026-0032,Sentinel-1B,2026-07-12,GRID-CELL-112,17.5533,80.6190,-4.59,0.762,-0.77
SAR-2026-0033,Sentinel-1B,2026-07-18,GRID-CELL-113,17.5529,80.6107,-18.40,0.644,-3.07
SAR-2026-0034,Sentinel-1B,2026-07-24,GRID-CELL-114,17.5485,80.6127,-17.92,0.935,-2.99
SAR-2026-0035,Sentinel-1A,2026-07-30,GRID-CELL-115,17.5507,80.6114,-21.98,0.551,-3.66
SAR-2026-0036,Sentinel-1B,2026-08-05,GRID-CELL-116,17.5541,80.6195,-17.09,0.498,-2.85
SAR-2026-0037,Sentinel-1B,2026-08-11,GRID-CELL-117,17.5487,80.6147,-24.84,0.481,-4.14
SAR-2026-0038,Sentinel-1B,2026-08-17,GRID-CELL-118,17.5453,80.6126,-25.08,0.818,-4.18
SAR-2026-0039,Sentinel-1B,2026-08-23,GRID-CELL-119,17.5536,80.6154,-26.93,0.724,-4.49
SAR-2026-0040,Sentinel-1B,2026-08-29,GRID-CELL-100,17.5464,80.6195,-18.35,0.686,-3.06
SAR-2026-0041,Sentinel-1A,2026-09-04,GRID-CELL-101,17.5549,80.6156,-24.36,0.728,-4.06
SAR-2026-0042,Sentinel-1A,2026-09-10,GRID-CELL-102,17.5507,80.6165,-4.44,0.723,-0.74
SAR-2026-0043,Sentinel-1B,2026-09-16,GRID-CELL-103,17.5512,80.6122,-21.92,0.477,-3.65
SAR-2026-0044,Sentinel-1A,2026-09-22,GRID-CELL-104,17.5470,80.6193,-8.30,0.787,-1.38
SAR-2026-0045,Sentinel-1A,2026-09-28,GRID-CELL-105,17.5493,80.6138,-23.36,0.518,-3.89
SAR-2026-0046,Sentinel-1A,2026-10-04,GRID-CELL-106,17.5510,80.6171,-2.65,0.912,-0.44
SAR-2026-0047,Sentinel-1B,2026-10-10,GRID-CELL-107,17.5493,80.6164,-18.74,0.612,-3.12
SAR-2026-0048,Sentinel-1B,2026-10-16,GRID-CELL-108,17.5511,80.6141,-17.38,0.841,-2.90
SAR-2026-0049,Sentinel-1A,2026-10-22,GRID-CELL-109,17.5457,80.6191,-10.96,0.585,-1.83
SAR-2026-0050,Sentinel-1B,2026-10-28,GRID-CELL-110,17.5505,80.6121,-3.68,0.557,-0.61
SAR-2026-0051,Sentinel-1B,2026-11-03,GRID-CELL-111,17.5529,80.6198,-22.05,0.909,-3.68
SAR-2026-0052,Sentinel-1B,2026-11-09,GRID-CELL-112,17.5542,80.6155,-13.21,0.816,-2.20
SAR-2026-0053,Sentinel-1B,2026-11-15,GRID-CELL-113,17.5517,80.6122,-22.46,0.646,-3.74
SAR-2026-0054,Sentinel-1B,2026-11-21,GRID-CELL-114,17.5489,80.6135,-11.80,0.821,-1.97
SAR-2026-0055,Sentinel-1B,2026-11-27,GRID-CELL-115,17.5481,80.6192,-7.55,0.589,-1.26
SAR-2026-0056,Sentinel-1A,2026-12-03,GRID-CELL-116,17.5540,80.6113,-3.51,0.636,-0.58
SAR-2026-0057,Sentinel-1A,2026-12-09,GRID-CELL-117,17.5539,80.6192,-19.74,0.548,-3.29
SAR-2026-0058,Sentinel-1A,2026-12-15,GRID-CELL-118,17.5487,80.6199,-17.97,0.946,-2.99
SAR-2026-0059,Sentinel-1B,2026-12-21,GRID-CELL-119,17.5508,80.6190,-19.97,0.840,-3.33
SAR-2026-0060,Sentinel-1B,2026-12-27,GRID-CELL-100,17.5549,80.6193,-24.97,0.806,-4.16
SAR-2026-0061,Sentinel-1A,2027-01-02,GRID-CELL-101,17.5467,80.6175,-20.15,0.754,-3.36
SAR-2026-0062,Sentinel-1B,2027-01-08,GRID-CELL-102,17.5463,80.6147,-22.26,0.531,-3.71
SAR-2026-0063,Sentinel-1A,2027-01-14,GRID-CELL-103,17.5512,80.6117,-22.89,0.911,-3.81
SAR-2026-0064,Sentinel-1A,2027-01-20,GRID-CELL-104,17.5526,80.6144,-7.50,0.537,-1.25
SAR-2026-0065,Sentinel-1A,2027-01-26,GRID-CELL-105,17.5456,80.6167,-22.52,0.466,-3.75
SAR-2026-0066,Sentinel-1B,2027-02-01,GRID-CELL-106,17.5491,80.6194,-22.32,0.840,-3.72
SAR-2026-0067,Sentinel-1B,2027-02-07,GRID-CELL-107,17.5488,80.6174,-21.96,0.947,-3.66
SAR-2026-0068,Sentinel-1B,2027-02-13,GRID-CELL-108,17.5461,80.6147,-13.74,0.617,-2.29
SAR-2026-0069,Sentinel-1B,2027-02-19,GRID-CELL-109,17.5544,80.6146,-15.91,0.800,-2.65
SAR-2026-0070,Sentinel-1A,2027-02-25,GRID-CELL-110,17.5540,80.6165,-2.76,0.562,-0.46
SAR-2026-0071,Sentinel-1A,2027-03-03,GRID-CELL-111,17.5509,80.6194,-11.31,0.547,-1.89
SAR-2026-0072,Sentinel-1A,2027-03-09,GRID-CELL-112,17.5499,80.6184,-2.09,0.849,-0.35
SAR-2026-0073,Sentinel-1A,2027-03-15,GRID-CELL-113,17.5514,80.6110,-20.14,0.848,-3.36
SAR-2026-0074,Sentinel-1B,2027-03-21,GRID-CELL-114,17.5465,80.6146,-13.83,0.475,-2.31
SAR-2026-0075,Sentinel-1B,2027-03-27,GRID-CELL-115,17.5492,80.6146,-12.98,0.508,-2.16
SAR-2026-0076,Sentinel-1A,2027-04-02,GRID-CELL-116,17.5505,80.6173,-11.63,0.737,-1.94
SAR-2026-0077,Sentinel-1A,2027-04-08,GRID-CELL-117,17.5501,80.6120,-17.73,0.559,-2.96
SAR-2026-0078,Sentinel-1A,2027-04-14,GRID-CELL-118,17.5510,80.6200,-21.66,0.894,-3.61
SAR-2026-0079,Sentinel-1A,2027-04-20,GRID-CELL-119,17.5498,80.6132,-5.52,0.864,-0.92
SAR-2026-0080,Sentinel-1B,2027-04-26,GRID-CELL-100,17.5523,80.6178,-3.18,0.834,-0.53
SAR-2026-0081,Sentinel-1B,2027-05-02,GRID-CELL-101,17.5523,80.6163,-17.11,0.602,-2.85
SAR-2026-0082,Sentinel-1A,2027-05-08,GRID-CELL-102,17.5546,80.6139,-10.59,0.535,-1.76
SAR-2026-0083,Sentinel-1B,2027-05-14,GRID-CELL-103,17.5483,80.6114,-21.00,0.862,-3.50
SAR-2026-0084,Sentinel-1B,2027-05-20,GRID-CELL-104,17.5463,80.6168,-14.97,0.741,-2.50
SAR-2026-0085,Sentinel-1B,2027-05-26,GRID-CELL-105,17.5524,80.6118,-8.06,0.887,-1.34
SAR-2026-0086,Sentinel-1A,2027-06-01,GRID-CELL-106,17.5545,80.6187,-10.70,0.756,-1.78
SAR-2026-0087,Sentinel-1B,2027-06-07,GRID-CELL-107,17.5458,80.6101,-24.02,0.726,-4.00
SAR-2026-0088,Sentinel-1B,2027-06-13,GRID-CELL-108,17.5502,80.6189,-18.44,0.499,-3.07
SAR-2026-0089,Sentinel-1B,2027-06-19,GRID-CELL-109,17.5485,80.6124,-20.64,0.903,-3.44
SAR-2026-0090,Sentinel-1B,2027-06-25,GRID-CELL-110,17.5524,80.6107,-3.09,0.535,-0.52
SAR-2026-0091,Sentinel-1A,2027-07-01,GRID-CELL-111,17.5466,80.6122,-8.16,0.804,-1.36
SAR-2026-0092,Sentinel-1B,2027-07-07,GRID-CELL-112,17.5458,80.6157,-18.47,0.903,-3.08
SAR-2026-0093,Sentinel-1A,2027-07-13,GRID-CELL-113,17.5504,80.6135,-12.81,0.527,-2.14
SAR-2026-0094,Sentinel-1A,2027-07-19,GRID-CELL-114,17.5485,80.6105,-15.50,0.745,-2.58
SAR-2026-0095,Sentinel-1A,2027-07-25,GRID-CELL-115,17.5450,80.6143,-9.24,0.875,-1.54
SAR-2026-0096,Sentinel-1A,2027-07-31,GRID-CELL-116,17.5486,80.6157,-25.81,0.882,-4.30
SAR-2026-0097,Sentinel-1A,2027-08-06,GRID-CELL-117,17.5502,80.6150,-12.47,0.482,-2.08
SAR-2026-0098,Sentinel-1B,2027-08-12,GRID-CELL-118,17.5530,80.6173,-3.63,0.502,-0.60
SAR-2026-0099,Sentinel-1B,2027-08-18,GRID-CELL-119,17.5465,80.6178,-17.26,0.853,-2.88
SAR-2026-0100,Sentinel-1B,2027-08-24,GRID-CELL-100,17.5489,80.6161,-21.65,0.931,-3.61
SAR-2026-0101,Sentinel-1B,2027-08-30,GRID-CELL-101,17.5498,80.6152,-22.25,0.676,-3.71
SAR-2026-0102,Sentinel-1B,2027-09-05,GRID-CELL-102,17.5515,80.6115,-24.45,0.827,-4.08
SAR-2026-0103,Sentinel-1A,2027-09-11,GRID-CELL-103,17.5453,80.6180,-19.65,0.685,-3.27
SAR-2026-0104,Sentinel-1A,2027-09-17,GRID-CELL-104,17.5493,80.6187,-3.64,0.632,-0.61
SAR-2026-0105,Sentinel-1A,2027-09-23,GRID-CELL-105,17.5541,80.6100,-11.88,0.848,-1.98
SAR-2026-0106,Sentinel-1B,2027-09-29,GRID-CELL-106,17.5486,80.6107,-14.44,0.906,-2.41
SAR-2026-0107,Sentinel-1A,2027-10-05,GRID-CELL-107,17.5528,80.6190,-15.31,0.552,-2.55
SAR-2026-0108,Sentinel-1A,2027-10-11,GRID-CELL-108,17.5503,80.6124,-23.68,0.947,-3.95
SAR-2026-0109,Sentinel-1A,2027-10-17,GRID-CELL-109,17.5471,80.6173,-22.41,0.947,-3.73
SAR-2026-0110,Sentinel-1A,2027-10-23,GRID-CELL-110,17.5488,80.6175,-3.86,0.572,-0.64
SAR-2026-0111,Sentinel-1B,2027-10-29,GRID-CELL-111,17.5525,80.6123,-18.18,0.789,-3.03
SAR-2026-0112,Sentinel-1B,2027-11-04,GRID-CELL-112,17.5521,80.6125,-7.12,0.818,-1.19
SAR-2026-0113,Sentinel-1B,2027-11-10,GRID-CELL-113,17.5487,80.6107,-18.44,0.685,-3.07
SAR-2026-0114,Sentinel-1A,2027-11-16,GRID-CELL-114,17.5515,80.6181,-26.13,0.781,-4.35
SAR-2026-0115,Sentinel-1B,2027-11-22,GRID-CELL-115,17.5451,80.6137,-23.45,0.524,-3.91
SAR-2026-0116,Sentinel-1A,2027-11-28,GRID-CELL-116,17.5493,80.6176,-13.15,0.474,-2.19
SAR-2026-0117,Sentinel-1B,2027-12-04,GRID-CELL-117,17.5461,80.6108,-2.87,0.629,-0.48
SAR-2026-0118,Sentinel-1B,2027-12-10,GRID-CELL-118,17.5505,80.6109,-3.61,0.776,-0.60
SAR-2026-0119,Sentinel-1B,2027-12-16,GRID-CELL-119,17.5517,80.6165,-6.33,0.912,-1.05
SAR-2026-0120,Sentinel-1B,2027-12-22,GRID-CELL-100,17.5461,80.6139,-21.69,0.744,-3.62
SAR-2026-0121,Sentinel-1B,2027-12-28,GRID-CELL-101,17.5477,80.6190,-7.68,0.950,-1.28
SAR-2026-0122,Sentinel-1A,2028-01-03,GRID-CELL-102,17.5543,80.6178,-7.47,0.623,-1.24
SAR-2026-0123,Sentinel-1A,2028-01-09,GRID-CELL-103,17.5460,80.6121,-8.73,0.552,-1.46
SAR-2026-0124,Sentinel-1B,2028-01-15,GRID-CELL-104,17.5512,80.6188,-2.01,0.604,-0.33
SAR-2026-0125,Sentinel-1A,2028-01-21,GRID-CELL-105,17.5526,80.6196,-21.69,0.525,-3.62
SAR-2026-0126,Sentinel-1B,2028-01-27,GRID-CELL-106,17.5498,80.6115,-3.53,0.931,-0.59
SAR-2026-0127,Sentinel-1B,2028-02-02,GRID-CELL-107,17.5534,80.6161,-25.01,0.886,-4.17
SAR-2026-0128,Sentinel-1A,2028-02-08,GRID-CELL-108,17.5467,80.6187,-26.92,0.801,-4.49
SAR-2026-0129,Sentinel-1A,2028-02-14,GRID-CELL-109,17.5543,80.6115,-7.34,0.803,-1.22
SAR-2026-0130,Sentinel-1A,2028-02-20,GRID-CELL-110,17.5503,80.6140,-14.28,0.525,-2.38
SAR-2026-0131,Sentinel-1A,2028-02-26,GRID-CELL-111,17.5527,80.6109,-10.70,0.725,-1.78
SAR-2026-0132,Sentinel-1B,2028-03-03,GRID-CELL-112,17.5508,80.6197,-7.38,0.755,-1.23
SAR-2026-0133,Sentinel-1B,2028-03-09,GRID-CELL-113,17.5547,80.6135,-24.23,0.799,-4.04
SAR-2026-0134,Sentinel-1B,2028-03-15,GRID-CELL-114,17.5518,80.6101,-3.32,0.841,-0.55
SAR-2026-0135,Sentinel-1B,2028-03-21,GRID-CELL-115,17.5482,80.6184,-2.42,0.848,-0.40
SAR-2026-0136,Sentinel-1B,2028-03-27,GRID-CELL-116,17.5518,80.6132,-12.63,0.574,-2.10
SAR-2026-0137,Sentinel-1A,2028-04-02,GRID-CELL-117,17.5487,80.6177,-4.24,0.653,-0.71
SAR-2026-0138,Sentinel-1B,2028-04-08,GRID-CELL-118,17.5525,80.6111,-24.51,0.866,-4.08
SAR-2026-0139,Sentinel-1B,2028-04-14,GRID-CELL-119,17.5469,80.6174,-13.42,0.640,-2.24
SAR-2026-0140,Sentinel-1A,2028-04-20,GRID-CELL-100,17.5459,80.6181,-19.58,0.606,-3.26
SAR-2026-0141,Sentinel-1B,2028-04-26,GRID-CELL-101,17.5532,80.6130,-6.76,0.484,-1.13
SAR-2026-0142,Sentinel-1B,2028-05-02,GRID-CELL-102,17.5472,80.6176,-14.33,0.930,-2.39
SAR-2026-0143,Sentinel-1A,2028-05-08,GRID-CELL-103,17.5518,80.6104,-19.49,0.948,-3.25
SAR-2026-0144,Sentinel-1A,2028-05-14,GRID-CELL-104,17.5515,80.6113,-8.00,0.917,-1.33
SAR-2026-0145,Sentinel-1B,2028-05-20,GRID-CELL-105,17.5534,80.6179,-22.10,0.450,-3.68
SAR-2026-0146,Sentinel-1A,2028-05-26,GRID-CELL-106,17.5479,80.6144,-20.81,0.541,-3.47
SAR-2026-0147,Sentinel-1A,2028-06-01,GRID-CELL-107,17.5480,80.6197,-13.15,0.723,-2.19
SAR-2026-0148,Sentinel-1A,2028-06-07,GRID-CELL-108,17.5519,80.6172,-4.09,0.725,-0.68
SAR-2026-0149,Sentinel-1B,2028-06-13,GRID-CELL-109,17.5517,80.6126,-7.48,0.881,-1.25
SAR-2026-0150,Sentinel-1A,2028-06-19,GRID-CELL-110,17.5497,80.6191,-5.75,0.581,-0.96
SAR-2026-0151,Sentinel-1A,2028-06-25,GRID-CELL-111,17.5547,80.6109,-4.80,0.716,-0.80
SAR-2026-0152,Sentinel-1A,2028-07-01,GRID-CELL-112,17.5465,80.6107,-6.88,0.839,-1.15
SAR-2026-0153,Sentinel-1B,2028-07-07,GRID-CELL-113,17.5477,80.6157,-11.59,0.738,-1.93
SAR-2026-0154,Sentinel-1A,2028-07-13,GRID-CELL-114,17.5542,80.6114,-9.14,0.925,-1.52
SAR-2026-0155,Sentinel-1A,2028-07-19,GRID-CELL-115,17.5528,80.6152,-21.50,0.723,-3.58
SAR-2026-0156,Sentinel-1A,2028-07-25,GRID-CELL-116,17.5546,80.6166,-24.03,0.662,-4.00
SAR-2026-0157,Sentinel-1B,2028-07-31,GRID-CELL-117,17.5547,80.6184,-12.59,0.665,-2.10
SAR-2026-0158,Sentinel-1A,2028-08-06,GRID-CELL-118,17.5467,80.6199,-23.64,0.537,-3.94
SAR-2026-0159,Sentinel-1A,2028-08-12,GRID-CELL-119,17.5521,80.6140,-12.67,0.802,-2.11
SAR-2026-0160,Sentinel-1A,2028-08-18,GRID-CELL-100,17.5503,80.6192,-15.90,0.578,-2.65
SAR-2026-0161,Sentinel-1B,2028-08-24,GRID-CELL-101,17.5546,80.6174,-3.07,0.509,-0.51
SAR-2026-0162,Sentinel-1B,2028-08-30,GRID-CELL-102,17.5529,80.6150,-14.53,0.598,-2.42
SAR-2026-0163,Sentinel-1A,2028-09-05,GRID-CELL-103,17.5469,80.6147,-4.79,0.852,-0.80
SAR-2026-0164,Sentinel-1B,2028-09-11,GRID-CELL-104,17.5516,80.6195,-19.24,0.790,-3.21
SAR-2026-0165,Sentinel-1A,2028-09-17,GRID-CELL-105,17.5499,80.6107,-20.97,0.753,-3.49
SAR-2026-0166,Sentinel-1B,2028-09-23,GRID-CELL-106,17.5521,80.6134,-20.95,0.663,-3.49
SAR-2026-0167,Sentinel-1B,2028-09-29,GRID-CELL-107,17.5513,80.6117,-21.39,0.499,-3.56
SAR-2026-0168,Sentinel-1A,2028-10-05,GRID-CELL-108,17.5526,80.6158,-11.48,0.769,-1.91
SAR-2026-0169,Sentinel-1A,2028-10-11,GRID-CELL-109,17.5487,80.6157,-4.31,0.833,-0.72
SAR-2026-0170,Sentinel-1B,2028-10-17,GRID-CELL-110,17.5515,80.6131,-19.02,0.659,-3.17
SAR-2026-0171,Sentinel-1A,2028-10-23,GRID-CELL-111,17.5484,80.6114,-7.54,0.597,-1.26
SAR-2026-0172,Sentinel-1A,2028-10-29,GRID-CELL-112,17.5505,80.6124,-24.58,0.685,-4.10
SAR-2026-0173,Sentinel-1B,2028-11-04,GRID-CELL-113,17.5514,80.6197,-25.30,0.923,-4.22
SAR-2026-0174,Sentinel-1A,2028-11-10,GRID-CELL-114,17.5460,80.6150,-14.10,0.668,-2.35
SAR-2026-0175,Sentinel-1A,2028-11-16,GRID-CELL-115,17.5485,80.6118,-7.31,0.892,-1.22
SAR-2026-0176,Sentinel-1B,2028-11-22,GRID-CELL-116,17.5533,80.6173,-16.31,0.670,-2.72
SAR-2026-0177,Sentinel-1B,2028-11-28,GRID-CELL-117,17.5522,80.6173,-7.15,0.936,-1.19
SAR-2026-0178,Sentinel-1B,2028-12-04,GRID-CELL-118,17.5502,80.6126,-10.30,0.699,-1.72
SAR-2026-0179,Sentinel-1A,2028-12-10,GRID-CELL-119,17.5506,80.6105,-10.81,0.926,-1.80
SAR-2026-0180,Sentinel-1A,2028-12-16,GRID-CELL-100,17.5504,80.6128,-13.10,0.587,-2.18
SAR-2026-0181,Sentinel-1A,2028-12-22,GRID-CELL-101,17.5489,80.6197,-23.35,0.931,-3.89
SAR-2026-0182,Sentinel-1A,2028-12-28,GRID-CELL-102,17.5486,80.6160,-3.29,0.535,-0.55
SAR-2026-0183,Sentinel-1A,2029-01-03,GRID-CELL-103,17.5509,80.6193,-19.41,0.935,-3.23
SAR-2026-0184,Sentinel-1B,2029-01-09,GRID-CELL-104,17.5519,80.6121,-16.69,0.708,-2.78
SAR-2026-0185,Sentinel-1A,2029-01-15,GRID-CELL-105,17.5458,80.6116,-8.82,0.761,-1.47
SAR-2026-0186,Sentinel-1A,2029-01-21,GRID-CELL-106,17.5528,80.6134,-2.81,0.464,-0.47
SAR-2026-0187,Sentinel-1B,2029-01-27,GRID-CELL-107,17.5522,80.6110,-8.34,0.834,-1.39
SAR-2026-0188,Sentinel-1A,2029-02-02,GRID-CELL-108,17.5469,80.6114,-24.62,0.631,-4.10
SAR-2026-0189,Sentinel-1A,2029-02-08,GRID-CELL-109,17.5497,80.6117,-7.04,0.636,-1.17
SAR-2026-0190,Sentinel-1A,2029-02-14,GRID-CELL-110,17.5455,80.6128,-2.96,0.636,-0.49
SAR-2026-0191,Sentinel-1A,2029-02-20,GRID-CELL-111,17.5521,80.6131,-3.66,0.728,-0.61
SAR-2026-0192,Sentinel-1A,2029-02-26,GRID-CELL-112,17.5541,80.6200,-13.96,0.843,-2.33
SAR-2026-0193,Sentinel-1B,2029-03-04,GRID-CELL-113,17.5485,80.6146,-21.01,0.644,-3.50
SAR-2026-0194,Sentinel-1A,2029-03-10,GRID-CELL-114,17.5537,80.6103,-2.33,0.880,-0.39
SAR-2026-0195,Sentinel-1A,2029-03-16,GRID-CELL-115,17.5458,80.6101,-6.52,0.946,-1.09
SAR-2026-0196,Sentinel-1B,2029-03-22,GRID-CELL-116,17.5460,80.6174,-2.82,0.928,-0.47
SAR-2026-0197,Sentinel-1B,2029-03-28,GRID-CELL-117,17.5524,80.6179,-18.40,0.849,-3.07
SAR-2026-0198,Sentinel-1A,2029-04-03,GRID-CELL-118,17.5493,80.6165,-4.46,0.893,-0.74
SAR-2026-0199,Sentinel-1B,2029-04-09,GRID-CELL-119,17.5526,80.6135,-9.43,0.650,-1.57
SAR-2026-0200,Sentinel-1B,2029-04-15,GRID-CELL-100,17.5527,80.6170,-25.35,0.747,-4.23
SAR-2026-0201,Sentinel-1B,2029-04-21,GRID-CELL-101,17.5486,80.6131,-9.47,0.909,-1.58
SAR-2026-0202,Sentinel-1A,2029-04-27,GRID-CELL-102,17.5497,80.6188,-11.63,0.544,-1.94
SAR-2026-0203,Sentinel-1A,2029-05-03,GRID-CELL-103,17.5516,80.6131,-23.08,0.537,-3.85
SAR-2026-0204,Sentinel-1B,2029-05-09,GRID-CELL-104,17.5543,80.6184,-12.27,0.670,-2.04
SAR-2026-0205,Sentinel-1B,2029-05-15,GRID-CELL-105,17.5452,80.6181,-3.47,0.706,-0.58
SAR-2026-0206,Sentinel-1B,2029-05-21,GRID-CELL-106,17.5511,80.6187,-20.66,0.566,-3.44
SAR-2026-0207,Sentinel-1B,2029-05-27,GRID-CELL-107,17.5508,80.6170,-10.22,0.686,-1.70
SAR-2026-0208,Sentinel-1B,2029-06-02,GRID-CELL-108,17.5535,80.6153,-2.19,0.653,-0.36
SAR-2026-0209,Sentinel-1B,2029-06-08,GRID-CELL-109,17.5461,80.6104,-12.02,0.620,-2.00
SAR-2026-0210,Sentinel-1A,2029-06-14,GRID-CELL-110,17.5502,80.6106,-17.42,0.902,-2.90
SAR-2026-0211,Sentinel-1A,2029-06-20,GRID-CELL-111,17.5538,80.6192,-2.94,0.789,-0.49
SAR-2026-0212,Sentinel-1B,2029-06-26,GRID-CELL-112,17.5495,80.6175,-16.72,0.770,-2.79
SAR-2026-0213,Sentinel-1A,2029-07-02,GRID-CELL-113,17.5546,80.6154,-18.02,0.892,-3.00
SAR-2026-0214,Sentinel-1B,2029-07-08,GRID-CELL-114,17.5465,80.6107,-16.93,0.554,-2.82
SAR-2026-0215,Sentinel-1B,2029-07-14,GRID-CELL-115,17.5457,80.6163,-21.85,0.618,-3.64
SAR-2026-0216,Sentinel-1A,2029-07-20,GRID-CELL-116,17.5467,80.6196,-24.96,0.924,-4.16
SAR-2026-0217,Sentinel-1A,2029-07-26,GRID-CELL-117,17.5450,80.6165,-3.40,0.709,-0.57
SAR-2026-0218,Sentinel-1B,2029-08-01,GRID-CELL-118,17.5536,80.6134,-20.07,0.618,-3.35
SAR-2026-0219,Sentinel-1B,2029-08-07,GRID-CELL-119,17.5460,80.6135,-7.10,0.791,-1.18
SAR-2026-0220,Sentinel-1A,2029-08-13,GRID-CELL-100,17.5456,80.6148,-21.38,0.644,-3.56
SAR-2026-0221,Sentinel-1B,2029-08-19,GRID-CELL-101,17.5508,80.6187,-15.99,0.774,-2.67
SAR-2026-0222,Sentinel-1A,2029-08-25,GRID-CELL-102,17.5483,80.6103,-20.22,0.533,-3.37
SAR-2026-0223,Sentinel-1B,2029-08-31,GRID-CELL-103,17.5548,80.6122,-2.13,0.520,-0.35
SAR-2026-0224,Sentinel-1B,2029-09-06,GRID-CELL-104,17.5500,80.6147,-24.23,0.790,-4.04
SAR-2026-0225,Sentinel-1A,2029-09-12,GRID-CELL-105,17.5533,80.6159,-18.72,0.588,-3.12
SAR-2026-0226,Sentinel-1A,2029-09-18,GRID-CELL-106,17.5481,80.6129,-25.04,0.614,-4.17
SAR-2026-0227,Sentinel-1B,2029-09-24,GRID-CELL-107,17.5484,80.6151,-26.87,0.589,-4.48
SAR-2026-0228,Sentinel-1B,2029-09-30,GRID-CELL-108,17.5462,80.6145,-22.11,0.714,-3.69
SAR-2026-0229,Sentinel-1A,2029-10-06,GRID-CELL-109,17.5507,80.6101,-11.70,0.500,-1.95
SAR-2026-0230,Sentinel-1B,2029-10-12,GRID-CELL-110,17.5456,80.6131,-14.22,0.696,-2.37
SAR-2026-0231,Sentinel-1A,2029-10-18,GRID-CELL-111,17.5510,80.6191,-5.57,0.741,-0.93
SAR-2026-0232,Sentinel-1A,2029-10-24,GRID-CELL-112,17.5484,80.6146,-23.77,0.746,-3.96
SAR-2026-0233,Sentinel-1B,2029-10-30,GRID-CELL-113,17.5475,80.6177,-20.78,0.801,-3.46
SAR-2026-0234,Sentinel-1A,2029-11-05,GRID-CELL-114,17.5504,80.6149,-4.95,0.692,-0.83
SAR-2026-0235,Sentinel-1A,2029-11-11,GRID-CELL-115,17.5464,80.6175,-6.71,0.693,-1.12
SAR-2026-0236,Sentinel-1B,2029-11-17,GRID-CELL-116,17.5517,80.6180,-25.55,0.550,-4.26
SAR-2026-0237,Sentinel-1A,2029-11-23,GRID-CELL-117,17.5509,80.6188,-6.87,0.599,-1.15
SAR-2026-0238,Sentinel-1B,2029-11-29,GRID-CELL-118,17.5487,80.6108,-14.41,0.920,-2.40
SAR-2026-0239,Sentinel-1B,2029-12-05,GRID-CELL-119,17.5545,80.6134,-22.56,0.780,-3.76
SAR-2026-0240,Sentinel-1B,2029-12-11,GRID-CELL-100,17.5496,80.6113,-20.75,0.633,-3.46
SAR-2026-0241,Sentinel-1A,2029-12-17,GRID-CELL-101,17.5504,80.6160,-2.71,0.630,-0.45
SAR-2026-0242,Sentinel-1B,2029-12-23,GRID-CELL-102,17.5544,80.6111,-21.27,0.674,-3.54
SAR-2026-0243,Sentinel-1A,2029-12-29,GRID-CELL-103,17.5491,80.6199,-11.59,0.753,-1.93
SAR-2026-0244,Sentinel-1A,2030-01-04,GRID-CELL-104,17.5456,80.6191,-7.96,0.628,-1.33
SAR-2026-0245,Sentinel-1B,2030-01-10,GRID-CELL-105,17.5527,80.6120,-10.15,0.779,-1.69
SAR-2026-0246,Sentinel-1A,2030-01-16,GRID-CELL-106,17.5537,80.6177,-14.73,0.884,-2.46
SAR-2026-0247,Sentinel-1A,2030-01-22,GRID-CELL-107,17.5493,80.6154,-13.50,0.613,-2.25
SAR-2026-0248,Sentinel-1A,2030-01-28,GRID-CELL-108,17.5471,80.6148,-4.27,0.521,-0.71
SAR-2026-0249,Sentinel-1B,2030-02-03,GRID-CELL-109,17.5468,80.6159,-22.10,0.851,-3.68
SAR-2026-0250,Sentinel-1B,2030-02-09,GRID-CELL-110,17.5484,80.6165,-12.71,0.502,-2.12
SAR-2026-0251,Sentinel-1B,2030-02-15,GRID-CELL-111,17.5521,80.6171,-9.39,0.679,-1.57
SAR-2026-0252,Sentinel-1B,2030-02-21,GRID-CELL-112,17.5535,80.6132,-7.44,0.865,-1.24
SAR-2026-0253,Sentinel-1A,2030-02-27,GRID-CELL-113,17.5503,80.6158,-8.24,0.940,-1.37
SAR-2026-0254,Sentinel-1A,2030-03-05,GRID-CELL-114,17.5461,80.6188,-12.07,0.611,-2.01
SAR-2026-0255,Sentinel-1A,2030-03-11,GRID-CELL-115,17.5475,80.6151,-6.19,0.700,-1.03
SAR-2026-0256,Sentinel-1B,2030-03-17,GRID-CELL-116,17.5469,80.6186,-14.23,0.496,-2.37
SAR-2026-0257,Sentinel-1B,2030-03-23,GRID-CELL-117,17.5493,80.6196,-3.94,0.847,-0.66
SAR-2026-0258,Sentinel-1B,2030-03-29,GRID-CELL-118,17.5463,80.6104,-3.17,0.658,-0.53
SAR-2026-0259,Sentinel-1B,2030-04-04,GRID-CELL-119,17.5502,80.6165,-5.90,0.910,-0.98
SAR-2026-0260,Sentinel-1A,2030-04-10,GRID-CELL-100,17.5501,80.6157,-15.31,0.752,-2.55
SAR-2026-0261,Sentinel-1A,2030-04-16,GRID-CELL-101,17.5474,80.6179,-20.76,0.617,-3.46
SAR-2026-0262,Sentinel-1B,2030-04-22,GRID-CELL-102,17.5497,80.6199,-3.99,0.601,-0.67
SAR-2026-0263,Sentinel-1A,2030-04-28,GRID-CELL-103,17.5541,80.6111,-22.39,0.663,-3.73
SAR-2026-0264,Sentinel-1A,2030-05-04,GRID-CELL-104,17.5486,80.6129,-8.52,0.888,-1.42
SAR-2026-0265,Sentinel-1B,2030-05-10,GRID-CELL-105,17.5465,80.6173,-19.60,0.488,-3.27
SAR-2026-0266,Sentinel-1A,2030-05-16,GRID-CELL-106,17.5471,80.6109,-17.95,0.803,-2.99
SAR-2026-0267,Sentinel-1B,2030-05-22,GRID-CELL-107,17.5455,80.6156,-5.67,0.919,-0.94
SAR-2026-0268,Sentinel-1A,2030-05-28,GRID-CELL-108,17.5455,80.6128,-17.68,0.671,-2.95
SAR-2026-0269,Sentinel-1B,2030-06-03,GRID-CELL-109,17.5481,80.6108,-24.06,0.629,-4.01
SAR-2026-0270,Sentinel-1B,2030-06-09,GRID-CELL-110,17.5480,80.6144,-12.22,0.699,-2.04
SAR-2026-0271,Sentinel-1A,2030-06-15,GRID-CELL-111,17.5503,80.6144,-24.95,0.502,-4.16
SAR-2026-0272,Sentinel-1B,2030-06-21,GRID-CELL-112,17.5525,80.6199,-24.78,0.457,-4.13
SAR-2026-0273,Sentinel-1B,2030-06-27,GRID-CELL-113,17.5479,80.6115,-24.05,0.488,-4.01
SAR-2026-0274,Sentinel-1B,2030-07-03,GRID-CELL-114,17.5459,80.6141,-4.45,0.472,-0.74
SAR-2026-0275,Sentinel-1A,2030-07-09,GRID-CELL-115,17.5467,80.6198,-9.22,0.660,-1.54
SAR-2026-0276,Sentinel-1A,2030-07-15,GRID-CELL-116,17.5478,80.6136,-22.74,0.546,-3.79
SAR-2026-0277,Sentinel-1A,2030-07-21,GRID-CELL-117,17.5496,80.6141,-14.26,0.819,-2.38
SAR-2026-0278,Sentinel-1A,2030-07-27,GRID-CELL-118,17.5465,80.6129,-24.93,0.854,-4.16
SAR-2026-0279,Sentinel-1A,2030-08-02,GRID-CELL-119,17.5543,80.6118,-24.38,0.841,-4.06
SAR-2026-0280,Sentinel-1A,2030-08-08,GRID-CELL-100,17.5453,80.6180,-9.45,0.693,-1.57
SAR-2026-0281,Sentinel-1B,2030-08-14,GRID-CELL-101,17.5528,80.6115,-9.74,0.855,-1.62
SAR-2026-0282,Sentinel-1B,2030-08-20,GRID-CELL-102,17.5466,80.6134,-7.55,0.617,-1.26
SAR-2026-0283,Sentinel-1A,2030-08-26,GRID-CELL-103,17.5477,80.6119,-17.80,0.776,-2.97
SAR-2026-0284,Sentinel-1B,2030-09-01,GRID-CELL-104,17.5535,80.6116,-7.62,0.585,-1.27
SAR-2026-0285,Sentinel-1B,2030-09-07,GRID-CELL-105,17.5453,80.6181,-4.65,0.744,-0.78
SAR-2026-0286,Sentinel-1A,2030-09-13,GRID-CELL-106,17.5472,80.6160,-6.29,0.647,-1.05
SAR-2026-0287,Sentinel-1A,2030-09-19,GRID-CELL-107,17.5533,80.6129,-10.98,0.501,-1.83
SAR-2026-0288,Sentinel-1B,2030-09-25,GRID-CELL-108,17.5521,80.6126,-5.39,0.841,-0.90
SAR-2026-0289,Sentinel-1A,2030-10-01,GRID-CELL-109,17.5548,80.6136,-4.71,0.842,-0.79
SAR-2026-0290,Sentinel-1B,2030-10-07,GRID-CELL-110,17.5460,80.6157,-14.72,0.493,-2.45
SAR-2026-0291,Sentinel-1B,2030-10-13,GRID-CELL-111,17.5471,80.6177,-7.76,0.630,-1.29
SAR-2026-0292,Sentinel-1B,2030-10-19,GRID-CELL-112,17.5487,80.6135,-20.28,0.671,-3.38
SAR-2026-0293,Sentinel-1B,2030-10-25,GRID-CELL-113,17.5487,80.6184,-12.76,0.518,-2.13
SAR-2026-0294,Sentinel-1B,2030-10-31,GRID-CELL-114,17.5540,80.6148,-21.86,0.920,-3.64
SAR-2026-0295,Sentinel-1A,2030-11-06,GRID-CELL-115,17.5523,80.6149,-22.95,0.482,-3.82
SAR-2026-0296,Sentinel-1B,2030-11-12,GRID-CELL-116,17.5493,80.6169,-11.42,0.699,-1.90
SAR-2026-0297,Sentinel-1B,2030-11-18,GRID-CELL-117,17.5511,80.6191,-11.43,0.850,-1.91
SAR-2026-0298,Sentinel-1B,2030-11-24,GRID-CELL-118,17.5486,80.6133,-5.23,0.460,-0.87
SAR-2026-0299,Sentinel-1A,2030-11-30,GRID-CELL-119,17.5530,80.6126,-26.18,0.707,-4.36
SAR-2026-0300,Sentinel-1B,2030-12-06,GRID-CELL-100,17.5518,80.6199,-10.97,0.763,-1.83
SAR-2026-0301,Sentinel-1A,2030-12-12,GRID-CELL-101,17.5467,80.6198,-16.90,0.605,-2.82
SAR-2026-0302,Sentinel-1A,2030-12-18,GRID-CELL-102,17.5478,80.6125,-5.97,0.740,-0.99
SAR-2026-0303,Sentinel-1B,2030-12-24,GRID-CELL-103,17.5487,80.6134,-7.40,0.799,-1.23
SAR-2026-0304,Sentinel-1A,2030-12-30,GRID-CELL-104,17.5520,80.6195,-26.91,0.600,-4.49
SAR-2026-0305,Sentinel-1B,2031-01-05,GRID-CELL-105,17.5524,80.6155,-18.31,0.564,-3.05
SAR-2026-0306,Sentinel-1A,2031-01-11,GRID-CELL-106,17.5456,80.6155,-25.34,0.624,-4.22
SAR-2026-0307,Sentinel-1B,2031-01-17,GRID-CELL-107,17.5467,80.6133,-10.92,0.947,-1.82
SAR-2026-0308,Sentinel-1B,2031-01-23,GRID-CELL-108,17.5462,80.6189,-23.32,0.939,-3.89
SAR-2026-0309,Sentinel-1A,2031-01-29,GRID-CELL-109,17.5512,80.6166,-7.79,0.461,-1.30
SAR-2026-0310,Sentinel-1B,2031-02-04,GRID-CELL-110,17.5484,80.6174,-26.40,0.472,-4.40
SAR-2026-0311,Sentinel-1A,2031-02-10,GRID-CELL-111,17.5521,80.6117,-12.19,0.702,-2.03
SAR-2026-0312,Sentinel-1A,2031-02-16,GRID-CELL-112,17.5477,80.6149,-8.57,0.882,-1.43
SAR-2026-0313,Sentinel-1A,2031-02-22,GRID-CELL-113,17.5528,80.6164,-7.92,0.855,-1.32
SAR-2026-0314,Sentinel-1B,2031-02-28,GRID-CELL-114,17.5512,80.6178,-10.24,0.609,-1.71
SAR-2026-0315,Sentinel-1A,2031-03-06,GRID-CELL-115,17.5474,80.6120,-16.78,0.621,-2.80
SAR-2026-0316,Sentinel-1A,2031-03-12,GRID-CELL-116,17.5487,80.6110,-23.61,0.574,-3.94
SAR-2026-0317,Sentinel-1B,2031-03-18,GRID-CELL-117,17.5541,80.6129,-21.23,0.640,-3.54
SAR-2026-0318,Sentinel-1B,2031-03-24,GRID-CELL-118,17.5481,80.6119,-14.69,0.904,-2.45
SAR-2026-0319,Sentinel-1A,2031-03-30,GRID-CELL-119,17.5537,80.6131,-17.32,0.822,-2.89
SAR-2026-0320,Sentinel-1A,2031-04-05,GRID-CELL-100,17.5462,80.6156,-3.50,0.899,-0.58
SAR-2026-0321,Sentinel-1A,2031-04-11,GRID-CELL-101,17.5526,80.6164,-21.78,0.870,-3.63
SAR-2026-0322,Sentinel-1B,2031-04-17,GRID-CELL-102,17.5455,80.6131,-26.12,0.855,-4.35
SAR-2026-0323,Sentinel-1A,2031-04-23,GRID-CELL-103,17.5541,80.6140,-19.77,0.639,-3.29
SAR-2026-0324,Sentinel-1B,2031-04-29,GRID-CELL-104,17.5509,80.6125,-13.23,0.885,-2.21
SAR-2026-0325,Sentinel-1B,2031-05-05,GRID-CELL-105,17.5469,80.6130,-14.45,0.642,-2.41
SAR-2026-0326,Sentinel-1B,2031-05-11,GRID-CELL-106,17.5530,80.6177,-3.93,0.692,-0.66
SAR-2026-0327,Sentinel-1B,2031-05-17,GRID-CELL-107,17.5505,80.6111,-20.72,0.546,-3.45
SAR-2026-0328,Sentinel-1A,2031-05-23,GRID-CELL-108,17.5486,80.6174,-22.32,0.641,-3.72
SAR-2026-0329,Sentinel-1A,2031-05-29,GRID-CELL-109,17.5452,80.6182,-18.32,0.650,-3.05
SAR-2026-0330,Sentinel-1A,2031-06-04,GRID-CELL-110,17.5527,80.6157,-21.59,0.849,-3.60
SAR-2026-0331,Sentinel-1B,2031-06-10,GRID-CELL-111,17.5501,80.6170,-20.34,0.660,-3.39
SAR-2026-0332,Sentinel-1B,2031-06-16,GRID-CELL-112,17.5498,80.6115,-13.53,0.931,-2.25
SAR-2026-0333,Sentinel-1B,2031-06-22,GRID-CELL-113,17.5485,80.6170,-21.36,0.871,-3.56
SAR-2026-0334,Sentinel-1A,2031-06-28,GRID-CELL-114,17.5478,80.6179,-24.25,0.630,-4.04
SAR-2026-0335,Sentinel-1B,2031-07-04,GRID-CELL-115,17.5542,80.6195,-19.96,0.880,-3.33
SAR-2026-0336,Sentinel-1B,2031-07-10,GRID-CELL-116,17.5533,80.6151,-16.46,0.944,-2.74
SAR-2026-0337,Sentinel-1B,2031-07-16,GRID-CELL-117,17.5499,80.6180,-15.58,0.747,-2.60
SAR-2026-0338,Sentinel-1A,2031-07-22,GRID-CELL-118,17.5531,80.6114,-18.84,0.535,-3.14
SAR-2026-0339,Sentinel-1A,2031-07-28,GRID-CELL-119,17.5466,80.6166,-4.24,0.609,-0.71
SAR-2026-0340,Sentinel-1A,2031-08-03,GRID-CELL-100,17.5546,80.6118,-5.41,0.650,-0.90
SAR-2026-0341,Sentinel-1A,2031-08-09,GRID-CELL-101,17.5514,80.6178,-24.13,0.752,-4.02
SAR-2026-0342,Sentinel-1A,2031-08-15,GRID-CELL-102,17.5466,80.6142,-7.74,0.548,-1.29
SAR-2026-0343,Sentinel-1A,2031-08-21,GRID-CELL-103,17.5464,80.6172,-23.97,0.477,-3.99
SAR-2026-0344,Sentinel-1B,2031-08-27,GRID-CELL-104,17.5544,80.6183,-23.28,0.781,-3.88
SAR-2026-0345,Sentinel-1A,2031-09-02,GRID-CELL-105,17.5465,80.6187,-26.01,0.820,-4.33
SAR-2026-0346,Sentinel-1A,2031-09-08,GRID-CELL-106,17.5523,80.6121,-2.28,0.809,-0.38
SAR-2026-0347,Sentinel-1B,2031-09-14,GRID-CELL-107,17.5492,80.6146,-9.05,0.502,-1.51
SAR-2026-0348,Sentinel-1A,2031-09-20,GRID-CELL-108,17.5497,80.6130,-8.82,0.595,-1.47
SAR-2026-0349,Sentinel-1A,2031-09-26,GRID-CELL-109,17.5461,80.6172,-22.92,0.906,-3.82
SAR-2026-0350,Sentinel-1B,2031-10-02,GRID-CELL-110,17.5479,80.6111,-7.05,0.465,-1.18
SAR-2026-0351,Sentinel-1A,2031-10-08,GRID-CELL-111,17.5534,80.6135,-2.08,0.793,-0.35
SAR-2026-0352,Sentinel-1A,2031-10-14,GRID-CELL-112,17.5542,80.6165,-21.10,0.688,-3.52
SAR-2026-0353,Sentinel-1B,2031-10-20,GRID-CELL-113,17.5531,80.6139,-14.96,0.778,-2.49
SAR-2026-0354,Sentinel-1A,2031-10-26,GRID-CELL-114,17.5451,80.6186,-5.68,0.478,-0.95
SAR-2026-0355,Sentinel-1A,2031-11-01,GRID-CELL-115,17.5484,80.6114,-24.73,0.738,-4.12
SAR-2026-0356,Sentinel-1A,2031-11-07,GRID-CELL-116,17.5530,80.6131,-6.78,0.758,-1.13
SAR-2026-0357,Sentinel-1B,2031-11-13,GRID-CELL-117,17.5499,80.6117,-23.57,0.889,-3.93
SAR-2026-0358,Sentinel-1B,2031-11-19,GRID-CELL-118,17.5468,80.6146,-11.08,0.873,-1.85
SAR-2026-0359,Sentinel-1A,2031-11-25,GRID-CELL-119,17.5508,80.6183,-18.81,0.910,-3.13
SAR-2026-0360,Sentinel-1B,2031-12-01,GRID-CELL-100,17.5467,80.6194,-3.51,0.499,-0.58
SAR-2026-0361,Sentinel-1A,2031-12-07,GRID-CELL-101,17.5520,80.6151,-21.47,0.522,-3.58
SAR-2026-0362,Sentinel-1A,2031-12-13,GRID-CELL-102,17.5501,80.6197,-21.10,0.895,-3.52
SAR-2026-0363,Sentinel-1A,2031-12-19,GRID-CELL-103,17.5517,80.6142,-26.46,0.684,-4.41
SAR-2026-0364,Sentinel-1A,2031-12-25,GRID-CELL-104,17.5543,80.6129,-12.26,0.732,-2.04
SAR-2026-0365,Sentinel-1A,2031-12-31,GRID-CELL-105,17.5472,80.6182,-12.14,0.939,-2.02
SAR-2026-0366,Sentinel-1A,2032-01-06,GRID-CELL-106,17.5454,80.6155,-12.87,0.545,-2.15
SAR-2026-0367,Sentinel-1A,2032-01-12,GRID-CELL-107,17.5482,80.6104,-16.44,0.814,-2.74
SAR-2026-0368,Sentinel-1B,2032-01-18,GRID-CELL-108,17.5498,80.6190,-10.10,0.487,-1.68
SAR-2026-0369,Sentinel-1A,2032-01-24,GRID-CELL-109,17.5545,80.6184,-20.67,0.791,-3.45
SAR-2026-0370,Sentinel-1B,2032-01-30,GRID-CELL-110,17.5479,80.6103,-8.53,0.671,-1.42
SAR-2026-0371,Sentinel-1B,2032-02-05,GRID-CELL-111,17.5457,80.6101,-24.37,0.774,-4.06
SAR-2026-0372,Sentinel-1B,2032-02-11,GRID-CELL-112,17.5510,80.6173,-9.99,0.894,-1.67
SAR-2026-0373,Sentinel-1B,2032-02-17,GRID-CELL-113,17.5535,80.6158,-15.50,0.579,-2.58
SAR-2026-0374,Sentinel-1B,2032-02-23,GRID-CELL-114,17.5543,80.6185,-19.44,0.456,-3.24
SAR-2026-0375,Sentinel-1A,2032-02-29,GRID-CELL-115,17.5484,80.6132,-8.40,0.799,-1.40
SAR-2026-0376,Sentinel-1B,2032-03-06,GRID-CELL-116,17.5549,80.6141,-16.43,0.480,-2.74
SAR-2026-0377,Sentinel-1B,2032-03-12,GRID-CELL-117,17.5524,80.6115,-25.60,0.859,-4.27
SAR-2026-0378,Sentinel-1A,2032-03-18,GRID-CELL-118,17.5549,80.6154,-10.61,0.856,-1.77
SAR-2026-0379,Sentinel-1B,2032-03-24,GRID-CELL-119,17.5467,80.6133,-4.49,0.823,-0.75
SAR-2026-0380,Sentinel-1A,2032-03-30,GRID-CELL-100,17.5488,80.6160,-3.01,0.457,-0.50
SAR-2026-0381,Sentinel-1A,2032-04-05,GRID-CELL-101,17.5487,80.6118,-7.65,0.577,-1.28
SAR-2026-0382,Sentinel-1A,2032-04-11,GRID-CELL-102,17.5463,80.6153,-12.88,0.764,-2.15
SAR-2026-0383,Sentinel-1B,2032-04-17,GRID-CELL-103,17.5542,80.6142,-13.15,0.907,-2.19
SAR-2026-0384,Sentinel-1B,2032-04-23,GRID-CELL-104,17.5500,80.6161,-20.89,0.916,-3.48
SAR-2026-0385,Sentinel-1B,2032-04-29,GRID-CELL-105,17.5484,80.6146,-25.93,0.830,-4.32
SAR-2026-0386,Sentinel-1B,2032-05-05,GRID-CELL-106,17.5496,80.6168,-16.48,0.929,-2.75
SAR-2026-0387,Sentinel-1B,2032-05-11,GRID-CELL-107,17.5500,80.6160,-25.64,0.873,-4.27
SAR-2026-0388,Sentinel-1B,2032-05-17,GRID-CELL-108,17.5481,80.6166,-25.82,0.637,-4.30
SAR-2026-0389,Sentinel-1A,2032-05-23,GRID-CELL-109,17.5545,80.6108,-15.11,0.878,-2.52
SAR-2026-0390,Sentinel-1A,2032-05-29,GRID-CELL-110,17.5456,80.6189,-19.09,0.636,-3.18
SAR-2026-0391,Sentinel-1B,2032-06-04,GRID-CELL-111,17.5508,80.6128,-3.90,0.651,-0.65
SAR-2026-0392,Sentinel-1A,2032-06-10,GRID-CELL-112,17.5465,80.6107,-26.73,0.557,-4.46
SAR-2026-0393,Sentinel-1A,2032-06-16,GRID-CELL-113,17.5470,80.6168,-21.37,0.910,-3.56
SAR-2026-0394,Sentinel-1B,2032-06-22,GRID-CELL-114,17.5482,80.6189,-11.03,0.657,-1.84
SAR-2026-0395,Sentinel-1B,2032-06-28,GRID-CELL-115,17.5480,80.6193,-23.29,0.591,-3.88
SAR-2026-0396,Sentinel-1A,2032-07-04,GRID-CELL-116,17.5501,80.6151,-17.03,0.904,-2.84
SAR-2026-0397,Sentinel-1B,2032-07-10,GRID-CELL-117,17.5464,80.6195,-18.95,0.716,-3.16
SAR-2026-0398,Sentinel-1A,2032-07-16,GRID-CELL-118,17.5522,80.6192,-2.33,0.712,-0.39
SAR-2026-0399,Sentinel-1A,2032-07-22,GRID-CELL-119,17.5535,80.6155,-9.43,0.670,-1.57
SAR-2026-0400,Sentinel-1A,2032-07-28,GRID-CELL-100,17.5533,80.6132,-18.18,0.842,-3.03
SAR-2026-0401,Sentinel-1A,2032-08-03,GRID-CELL-101,17.5543,80.6121,-8.93,0.691,-1.49
SAR-2026-0402,Sentinel-1A,2032-08-09,GRID-CELL-102,17.5497,80.6104,-2.01,0.727,-0.33
SAR-2026-0403,Sentinel-1B,2032-08-15,GRID-CELL-103,17.5530,80.6192,-10.18,0.822,-1.70
SAR-2026-0404,Sentinel-1A,2032-08-21,GRID-CELL-104,17.5533,80.6160,-11.29,0.458,-1.88
SAR-2026-0405,Sentinel-1B,2032-08-27,GRID-CELL-105,17.5504,80.6132,-12.11,0.877,-2.02
SAR-2026-0406,Sentinel-1A,2032-09-02,GRID-CELL-106,17.5530,80.6181,-9.57,0.652,-1.59
SAR-2026-0407,Sentinel-1A,2032-09-08,GRID-CELL-107,17.5469,80.6125,-5.48,0.924,-0.91
SAR-2026-0408,Sentinel-1B,2032-09-14,GRID-CELL-108,17.5530,80.6130,-8.89,0.503,-1.48
SAR-2026-0409,Sentinel-1B,2032-09-20,GRID-CELL-109,17.5484,80.6116,-14.65,0.812,-2.44
SAR-2026-0410,Sentinel-1B,2032-09-26,GRID-CELL-110,17.5513,80.6141,-6.84,0.911,-1.14
SAR-2026-0411,Sentinel-1B,2032-10-02,GRID-CELL-111,17.5528,80.6155,-23.11,0.871,-3.85
SAR-2026-0412,Sentinel-1A,2032-10-08,GRID-CELL-112,17.5492,80.6101,-22.53,0.597,-3.76
SAR-2026-0413,Sentinel-1B,2032-10-14,GRID-CELL-113,17.5464,80.6172,-17.57,0.702,-2.93
SAR-2026-0414,Sentinel-1B,2032-10-20,GRID-CELL-114,17.5547,80.6158,-10.28,0.889,-1.71
SAR-2026-0415,Sentinel-1A,2032-10-26,GRID-CELL-115,17.5532,80.6120,-12.39,0.750,-2.06
SAR-2026-0416,Sentinel-1B,2032-11-01,GRID-CELL-116,17.5510,80.6185,-26.52,0.689,-4.42
SAR-2026-0417,Sentinel-1B,2032-11-07,GRID-CELL-117,17.5487,80.6161,-19.22,0.521,-3.20
SAR-2026-0418,Sentinel-1B,2032-11-13,GRID-CELL-118,17.5538,80.6171,-17.15,0.750,-2.86
SAR-2026-0419,Sentinel-1B,2032-11-19,GRID-CELL-119,17.5510,80.6198,-26.10,0.790,-4.35
SAR-2026-0420,Sentinel-1B,2032-11-25,GRID-CELL-100,17.5513,80.6126,-12.23,0.633,-2.04
SAR-2026-0421,Sentinel-1A,2032-12-01,GRID-CELL-101,17.5499,80.6160,-19.52,0.528,-3.25
SAR-2026-0422,Sentinel-1B,2032-12-07,GRID-CELL-102,17.5480,80.6150,-19.39,0.520,-3.23
SAR-2026-0423,Sentinel-1A,2032-12-13,GRID-CELL-103,17.5487,80.6156,-6.06,0.569,-1.01
SAR-2026-0424,Sentinel-1A,2032-12-19,GRID-CELL-104,17.5472,80.6188,-20.52,0.628,-3.42
SAR-2026-0425,Sentinel-1B,2032-12-25,GRID-CELL-105,17.5521,80.6109,-3.84,0.568,-0.64
SAR-2026-0426,Sentinel-1B,2032-12-31,GRID-CELL-106,17.5497,80.6156,-25.92,0.740,-4.32
SAR-2026-0427,Sentinel-1A,2033-01-06,GRID-CELL-107,17.5487,80.6158,-14.80,0.540,-2.47
SAR-2026-0428,Sentinel-1A,2033-01-12,GRID-CELL-108,17.5529,80.6107,-4.58,0.876,-0.76
SAR-2026-0429,Sentinel-1B,2033-01-18,GRID-CELL-109,17.5531,80.6179,-24.85,0.552,-4.14
SAR-2026-0430,Sentinel-1A,2033-01-24,GRID-CELL-110,17.5462,80.6107,-14.98,0.640,-2.50
SAR-2026-0431,Sentinel-1B,2033-01-30,GRID-CELL-111,17.5517,80.6176,-21.27,0.461,-3.54
SAR-2026-0432,Sentinel-1A,2033-02-05,GRID-CELL-112,17.5500,80.6141,-25.35,0.762,-4.23
SAR-2026-0433,Sentinel-1B,2033-02-11,GRID-CELL-113,17.5526,80.6129,-8.04,0.880,-1.34
SAR-2026-0434,Sentinel-1A,2033-02-17,GRID-CELL-114,17.5478,80.6180,-9.81,0.760,-1.64
SAR-2026-0435,Sentinel-1A,2033-02-23,GRID-CELL-115,17.5527,80.6158,-20.72,0.819,-3.45
SAR-2026-0436,Sentinel-1B,2033-03-01,GRID-CELL-116,17.5516,80.6188,-11.85,0.502,-1.97
SAR-2026-0437,Sentinel-1A,2033-03-07,GRID-CELL-117,17.5469,80.6141,-9.30,0.727,-1.55
SAR-2026-0438,Sentinel-1B,2033-03-13,GRID-CELL-118,17.5543,80.6124,-13.69,0.473,-2.28
SAR-2026-0439,Sentinel-1B,2033-03-19,GRID-CELL-119,17.5493,80.6130,-26.36,0.476,-4.39
SAR-2026-0440,Sentinel-1B,2033-03-25,GRID-CELL-100,17.5525,80.6200,-11.43,0.758,-1.91
SAR-2026-0441,Sentinel-1B,2033-03-31,GRID-CELL-101,17.5513,80.6168,-14.76,0.750,-2.46
SAR-2026-0442,Sentinel-1A,2033-04-06,GRID-CELL-102,17.5469,80.6199,-23.29,0.489,-3.88
SAR-2026-0443,Sentinel-1A,2033-04-12,GRID-CELL-103,17.5512,80.6156,-21.12,0.907,-3.52
SAR-2026-0444,Sentinel-1B,2033-04-18,GRID-CELL-104,17.5453,80.6158,-21.04,0.902,-3.51
SAR-2026-0445,Sentinel-1A,2033-04-24,GRID-CELL-105,17.5527,80.6195,-11.72,0.589,-1.95
SAR-2026-0446,Sentinel-1B,2033-04-30,GRID-CELL-106,17.5511,80.6140,-14.29,0.602,-2.38
SAR-2026-0447,Sentinel-1A,2033-05-06,GRID-CELL-107,17.5478,80.6163,-6.83,0.776,-1.14
SAR-2026-0448,Sentinel-1A,2033-05-12,GRID-CELL-108,17.5496,80.6114,-6.45,0.458,-1.07
SAR-2026-0449,Sentinel-1A,2033-05-18,GRID-CELL-109,17.5535,80.6159,-25.87,0.641,-4.31
SAR-2026-0450,Sentinel-1A,2033-05-24,GRID-CELL-110,17.5504,80.6144,-25.70,0.715,-4.28
SAR-2026-0451,Sentinel-1B,2033-05-30,GRID-CELL-111,17.5511,80.6115,-19.19,0.924,-3.20
SAR-2026-0452,Sentinel-1B,2033-06-05,GRID-CELL-112,17.5541,80.6190,-16.31,0.674,-2.72
SAR-2026-0453,Sentinel-1B,2033-06-11,GRID-CELL-113,17.5454,80.6177,-20.06,0.571,-3.34
SAR-2026-0454,Sentinel-1B,2033-06-17,GRID-CELL-114,17.5538,80.6168,-23.13,0.605,-3.85
SAR-2026-0455,Sentinel-1A,2033-06-23,GRID-CELL-115,17.5473,80.6114,-8.31,0.613,-1.39
SAR-2026-0456,Sentinel-1B,2033-06-29,GRID-CELL-116,17.5519,80.6131,-20.90,0.532,-3.48
SAR-2026-0457,Sentinel-1A,2033-07-05,GRID-CELL-117,17.5533,80.6144,-8.26,0.820,-1.38
SAR-2026-0458,Sentinel-1B,2033-07-11,GRID-CELL-118,17.5513,80.6170,-8.11,0.480,-1.35
SAR-2026-0459,Sentinel-1A,2033-07-17,GRID-CELL-119,17.5496,80.6139,-10.14,0.887,-1.69
SAR-2026-0460,Sentinel-1B,2033-07-23,GRID-CELL-100,17.5529,80.6165,-13.08,0.639,-2.18
SAR-2026-0461,Sentinel-1B,2033-07-29,GRID-CELL-101,17.5451,80.6190,-2.49,0.707,-0.42
SAR-2026-0462,Sentinel-1B,2033-08-04,GRID-CELL-102,17.5522,80.6187,-21.70,0.599,-3.62
SAR-2026-0463,Sentinel-1B,2033-08-10,GRID-CELL-103,17.5545,80.6122,-7.75,0.815,-1.29
SAR-2026-0464,Sentinel-1A,2033-08-16,GRID-CELL-104,17.5505,80.6133,-14.14,0.624,-2.36
SAR-2026-0465,Sentinel-1A,2033-08-22,GRID-CELL-105,17.5494,80.6183,-16.18,0.847,-2.70
SAR-2026-0466,Sentinel-1A,2033-08-28,GRID-CELL-106,17.5531,80.6190,-23.18,0.734,-3.86
SAR-2026-0467,Sentinel-1B,2033-09-03,GRID-CELL-107,17.5529,80.6168,-9.49,0.849,-1.58
SAR-2026-0468,Sentinel-1A,2033-09-09,GRID-CELL-108,17.5542,80.6133,-16.17,0.676,-2.70
SAR-2026-0469,Sentinel-1A,2033-09-15,GRID-CELL-109,17.5451,80.6105,-7.63,0.830,-1.27
SAR-2026-0470,Sentinel-1B,2033-09-21,GRID-CELL-110,17.5544,80.6115,-16.83,0.818,-2.80
SAR-2026-0471,Sentinel-1A,2033-09-27,GRID-CELL-111,17.5482,80.6154,-3.31,0.466,-0.55
SAR-2026-0472,Sentinel-1B,2033-10-03,GRID-CELL-112,17.5486,80.6100,-18.56,0.568,-3.09
SAR-2026-0473,Sentinel-1A,2033-10-09,GRID-CELL-113,17.5504,80.6122,-8.64,0.685,-1.44
SAR-2026-0474,Sentinel-1A,2033-10-15,GRID-CELL-114,17.5541,80.6102,-24.11,0.726,-4.02
SAR-2026-0475,Sentinel-1B,2033-10-21,GRID-CELL-115,17.5549,80.6110,-14.06,0.514,-2.34
SAR-2026-0476,Sentinel-1B,2033-10-27,GRID-CELL-116,17.5514,80.6158,-9.53,0.916,-1.59
SAR-2026-0477,Sentinel-1A,2033-11-02,GRID-CELL-117,17.5498,80.6143,-18.91,0.616,-3.15
SAR-2026-0478,Sentinel-1A,2033-11-08,GRID-CELL-118,17.5529,80.6199,-5.58,0.508,-0.93
SAR-2026-0479,Sentinel-1A,2033-11-14,GRID-CELL-119,17.5540,80.6159,-24.64,0.548,-4.11
SAR-2026-0480,Sentinel-1B,2033-11-20,GRID-CELL-100,17.5502,80.6154,-9.86,0.641,-1.64
SAR-2026-0481,Sentinel-1B,2033-11-26,GRID-CELL-101,17.5508,80.6152,-15.09,0.869,-2.52
SAR-2026-0482,Sentinel-1A,2033-12-02,GRID-CELL-102,17.5499,80.6171,-6.36,0.907,-1.06
SAR-2026-0483,Sentinel-1B,2033-12-08,GRID-CELL-103,17.5502,80.6121,-13.82,0.855,-2.30
SAR-2026-0484,Sentinel-1A,2033-12-14,GRID-CELL-104,17.5506,80.6114,-15.13,0.849,-2.52
SAR-2026-0485,Sentinel-1B,2033-12-20,GRID-CELL-105,17.5542,80.6113,-13.46,0.546,-2.24
SAR-2026-0486,Sentinel-1A,2033-12-26,GRID-CELL-106,17.5492,80.6177,-9.93,0.519,-1.66
SAR-2026-0487,Sentinel-1A,2034-01-01,GRID-CELL-107,17.5514,80.6143,-3.95,0.602,-0.66
SAR-2026-0488,Sentinel-1B,2034-01-07,GRID-CELL-108,17.5503,80.6158,-17.29,0.948,-2.88
SAR-2026-0489,Sentinel-1A,2034-01-13,GRID-CELL-109,17.5532,80.6111,-14.64,0.798,-2.44
SAR-2026-0490,Sentinel-1A,2034-01-19,GRID-CELL-110,17.5483,80.6173,-21.98,0.624,-3.66
SAR-2026-0491,Sentinel-1B,2034-01-25,GRID-CELL-111,17.5513,80.6175,-10.62,0.627,-1.77
SAR-2026-0492,Sentinel-1B,2034-01-31,GRID-CELL-112,17.5523,80.6170,-11.91,0.778,-1.99
SAR-2026-0493,Sentinel-1B,2034-02-06,GRID-CELL-113,17.5506,80.6165,-17.14,0.467,-2.86
SAR-2026-0494,Sentinel-1B,2034-02-12,GRID-CELL-114,17.5483,80.6123,-24.78,0.474,-4.13
SAR-2026-0495,Sentinel-1B,2034-02-18,GRID-CELL-115,17.5525,80.6185,-26.99,0.767,-4.50
SAR-2026-0496,Sentinel-1B,2034-02-24,GRID-CELL-116,17.5507,80.6197,-19.64,0.686,-3.27
SAR-2026-0497,Sentinel-1B,2034-03-02,GRID-CELL-117,17.5522,80.6174,-6.44,0.583,-1.07
SAR-2026-0498,Sentinel-1A,2034-03-08,GRID-CELL-118,17.5496,80.6154,-21.62,0.462,-3.60
SAR-2026-0499,Sentinel-1B,2034-03-14,GRID-CELL-119,17.5542,80.6170,-25.28,0.659,-4.21
SAR-2026-0500,Sentinel-1A,2034-03-20,GRID-CELL-100,17.5470,80.6196,-22.21,0.823,-3.70